AGE,GENDER,DEPARTMENT,CHIEF_COMPLAINTS,COMORBIDITIES,RISKFACTORS,SURGICAL_HISTORY,SOCIAL_HISTORY,DIAGNOSIS,CLASSIFICATION_OF_UTI,TYPE_OF_UTI,SITE_OF_INFECTION,TYPE_OF_SAMPLE,ORGANISM_NAME,TYPE_OF_BACTERIA,RESISTANT,PREVIOUS_ANTIBIOTIC_USED,SENSITIVE,CBP_LYMPHOCYTES,WBC,POLYMORPHS,CRP,RFT_SERUM_CREATININE,SERUM_URIC_ACID,BLOOD_UREA,CUE_PUS_CELLS,EPITHELIAL_CELLS,PROTEINS,RBC
46.0,Male,Nephrology,"Blurring vision, generalised weakness, proteinuria","T2DM,HTN",AKI,nil,nil,AKI over CKD with UTI,Recurrent UTI,Cystitis,Lower urinary tract,Blood,Escherichia coli,Gram Negative,Aztreonam;Cefixime;Ceftazidime;Ceftriaxone;Cefuroxime;Ciprofloxacin;Co-trimoxazole;Doxycycline;Levofloxacin,Ciprofloxacin;Levofloxacin,Amikacin;Amoxicillin-Clavulanate;Cefoperazone-Sulbactam;Gentamicin;Imipenem;Meropenem;Piperacillin-Tazobactam,4.0,11800.0,91.0,,6.3,4.5,103.0,3.0,0.5,3+,1.5
44.0,Female,Nephrology,"Abdomen pain, burning micturition, vomitings",nil,nil,Hysterectomy,nil,Right ovarian cyst with UTI,Recurrent UTI,Cystitis,Lower urinary tract,Urine,Staphylococcus aureus,Gram Positive,Amoxicillin-Clavulanate;Ampicillin;Nalidixic Acid,Amoxicillin-Clavulanate;Nalidixic Acid,Amikacin;Cefoperazone-Sulbactam;Cefoxitin;Ceftazidime;Ceftriaxone;Co-trimoxazole;Doxycycline;Gentamicin;Imipenem;Meropenem;Netilmicin;Nitrofurantoin;Norfloxacin;Piperacillin-Tazobactam;Vancomycin,15.0,12900.0,80.0,129.0,,,,,,Negative,
85.0,Male,Nephrology,"Decreased urine output, SOB, swelling of both limbs, decreased appetite, dry cough, vomiting, pedal edema",nil,nil,nil,nil,Obstructive uropathy with UTI,Complicated UTI,Cystitis,Lower urinary tract,Urine,No Bacterial Growth,Unknown,,,,5.0,14500.0,86.0,,3.07,4.2,40.0,3.5,1.5,4+,2.5
38.0,Male,Nephrology,"Fever with chills,burning micturition,generalised weakness",HTN,Steriodabuse,nil,nil,Ampyloid nephropathy on steroid with UTI,Complicated UTI,Pyelonephritis,Upper urinary tract,Urine,Klebsiella pneumoniae,Gram Negative,Amoxicillin-Clavulanate;Aztreonam;Cefixime;Cefoperazone-Sulbactam;Ceftazidime;Ceftriaxone;Cefuroxime;Ciprofloxacin;Co-trimoxazole;Doxycycline;Levofloxacin;Nitrofurantoin;Piperacillin-Tazobactam,Cefixime;Cefoperazone-Sulbactam,Amikacin;Gentamicin;Imipenem;Meropenem,25.0,,,55.2,1.83,,,2.5,,Negative,
17.0,Male,Nephrology,"Diarrhoea,vomitings,abdomen pain,oliguria",nil,AKI,nil,AKI,Acute GE with AKI,Complicated UTI,Cystitis,Lower urinary tract,Urine,Escherichia coli,Gram Negative,Amikacin;Amoxicillin-Clavulanate;Cefixime;Ceftazidime;Ceftriaxone;Cefuroxime;Ciprofloxacin;Co-trimoxazole;Doxycycline;Gentamicin;Imipenem;Levofloxacin;Meropenem;Piperacillin-Tazobactam,Piperacillin-Tazobactam,Cefoperazone-Sulbactam;Colistin;Fosfomycin;Nitrofurantoin,16.0,,,,,,,7.0,2.5,4+,3.0
73.0,Male,Nephrology,"Anasarca,burning micturition,poor urinary stream",T2DM,AKI,nil,"Alcoholic,smoking",AKI with UTI,Complicated UTI,Pyelonephritis,Upper urinary tract,Urine,Klebsiella pneumoniae,Gram Negative,Amikacin;Amoxicillin-Clavulanate;Ceftazidime;Ceftriaxone;Ciprofloxacin;Co-trimoxazole;Doxycycline;Gentamicin;Imipenem;Levofloxacin;Meropenem,Ciprofloxacin;Gentamicin,Colistin;Fosfomycin;Nitrofurantoin,10.0,16200.0,82.0,,1.57,,,3.5,,2+,
71.0,Female,Nephrology,"Anasarca,constipation,diminished hearing,lt eardischarge","T2DM,Asthama,HTN",NDKD,Cataract,nil,NDKD with UTI,Complicated UTI,Pyelonephritis,Upper urinary tract,Urine,Escherichia coli,Gram Negative,Amikacin;Amoxicillin-Clavulanate;Ceftriaxone;Ciprofloxacin;Meropenem;Piperacillin-Tazobactam,Amikacin,Cefpodoxime;Doxycycline,21.0,,,,1.49,5.1,32.0,7.0,3.0,2+,
62.0,Male,General Medicine,"Fever,chills,burning micturation,abdomen pain","HTN,Epilepsy",nil,nil,Alcoholic,FEVER DECREASED EVALUATION with UTI,Complicated UTI,Pyelonephritis,Upper urinary tract,Urine,No Bacterial Growth,Unknown,,,,12.0,16800.0,77.0,,0.75,3.0,16.0,1.5,2.5,Negative,
4.0,Male,Nephrology,Nephrotic syndrome,nil,Renalcalculi,nil,nil,B/L DJ stenting Rt.open ureterolithotomy Lt.AH pyeloplasty,Complicated UTI,Cystitis,Lower urinary tract,Urine,No Bacterial Growth,Unknown,,,,,,,,,,,,,Negative,
57.0,Female,Nephrology,"Increased frequency of micturiton,dysuria,generalised weakness",nil,nil,"Hysterectomy,tubectomy",nil,UTI,Uncomplicated UTI,Cystitis,Lower urinary tract,Urine,No Bacterial Growth,Unknown,,,,,,,10.0,,,,2.5,,Negative,5.0
55.0,Male,Nephrology,Decreased urine output,"T2DM,HTN","AKI,CKD",nil,"Alcoholic,smoker",AKI OVER CKD,Complicated UTI,Cystitis,Lower urinary tract,Urine,Staphylococcus aureus,Gram Negative,Ampicillin;Cefixime;Cefuroxime;Ciprofloxacin;Co-trimoxazole;Doxycycline;Levofloxacin;Nitrofurantoin,Ciprofloxacin,Amoxicillin-Clavulanate;Ceftriaxone;Linezolid;Teicoplanin;Vancomycin,19.0,,,2.46,9.01,,90.0,5.0,,Negative,
52.0,Female,Nephrology,"SOB,pedal edema,sepsis","T2DM,HTN",AKI,nil,nil,AKI with UTI,Complicated UTI,Pyelonephritis,Upper urinary tract,Blood,Acinetobacter baumannii,Gram Negative,Amikacin;Cefixime;Cefoperazone-Sulbactam;Cefotoxime;Ceftazidime;Ceftriaxone;Cefuroxime;Ciprofloxacin;Doxycycline;Gentamicin;Imipenem;Levofloxacin;Meropenem,Cefoperazone-Sulbactam,Colistin;Colostin;Tigecycline,9.0,16000.0,85.0,,3.26,3.8,74.0,5.0,,2+,4.0
51.0,Male,Nephrology,"Dysuria,abdominal pain,thrombocytopenia",nil,nil,nil,nil,Anaemia with thrombocytopenia withUTI,Complicated UTI,Pyelonephritis,Upper urinary tract,Urine,Klebsiella pneumoniae,Gram Negative,Amikacin;Amoxicillin-Clavulanate;Aztreonam;Cefixime;Cefoperazone-Sulbactam;Ceftriaxone;Cefuroxime;Ciprofloxacin;Co-trimoxazole;Doxycycline;Gentamicin;Imipenem;Meropenem;Piperacillin-Tazobactam,Piperacillin-Tazobactam,Colistin;Fosfomycin;Nitrofurantoin,,2300.0,,,2.69,8.1,83.0,,,Negative,
56.0,Female,Nephrology,"B/L Loin pain,fever,vomitings,dysuria",T2DM,Renalcalculi,"Neurological General Surgery,DJ stenting",nil,Urosepsis with UTI,Complicated UTI,Pyelonephritis,Upper urinary tract,Urine,No Bacterial Growth,Unknown,,,,,12000.0,,84.7,2.56,7.6,72.0,6.5,,2+,3.5
50.0,Female,Nephrology,"Diarrhoea,SOB",nil,nil,Tubectomy,nil,Acute GE with UTI,Complicated UTI,Cystitis,Lower urinary tract,Urine,Candida albicans,Gram Positive,Amoxicillin-Clavulanate;Cefixime;Ceftazidime;Ciprofloxacin;Fosfomycin;Gentamicin;Levofloxacin,Levofloxacin,Meropenem,10.0,11200.0,80.0,77.1,6.68,5.2,53.0,1.5,,1+,
78.0,Female,Nephrology,"Diarrohoea,Vomiting,Loss of Appetite",nil,AKI,DJ-Stunting,nil,"AKI,Uroteric pain,Urosepsi with DysElectrolytemia",Complicated UTI,Cystitis,Lower urinary tract,Urine,No Bacterial Growth,Unknown,,,,3.0,21000.0,92.0,,4.1,8.4,183.0,5.0,0.5,1+,2.5
74.0,Male,Nephrology,Rt loin pain radiating to groin not associated with vomitng,nil,nil,URSL.General Surgery+DJS,nil,Rt ureteric calculi with HDN,Complicated UTI,Pyelonephritis,Upper urinary tract,Urine,No Bacterial Growth,Unknown,,,,30.0,7600.0,62.0,,,,,,,Negative,
1.0,Male,Nephrology,"Rt loin pain,associated with vomitng ,Fever",nil,nil,nil,nil,UTI,Complicated UTI,Pyelonephritis,Upper urinary tract,Urine,No Bacterial Growth,Unknown,,,,38.0,18000.0,56.0,,0.34,,,7.0,1.5,2+,9.0
74.0,Male,General Medicine,"Burning micturition,decreased urineoutput,",nil,nil,Craniotomy,nil,UTI,Recurrent UTI,Cystitis,Lower urinary tract,Urine,No Bacterial Growth,Unknown,,,,,,,,,,,,,Negative,
38.0,Male,Nephrology,"Fever with cough,decreased urine output,",nil,AKI,nil,"Alcoholic,smoker",AKI with UTI with severe metabolic acidosis,Complicated UTI,Cystitis,Lower urinary tract,Urine,No Bacterial Growth,Unknown,,,,,,,,,,,,,Negative,
81.0,Male,Nephrology,"SOB,elevated renal parameters,",T2DM,AKI,Cholecystecotomy,nil,AKI with sepsis with UTI,Complicated UTI,Cystitis,Lower urinary tract,Urine,No Bacterial Growth,Unknown,,,,11.0,18700.0,84.0,71.7,1.13,4.1,51.0,,,Negative,
53.0,Male,Nephrology,"Poor urinary stream,",nil,nil,nil,"Alcoholic,smoker",UTI,Uncomplicated UTI,Cystitis,Lower urinary tract,Urine,Pseudomonas aeruginosa,Gram Negative,Cefepime;Cefoperazone-Sulbactam;Ciprofloxacin;Co-trimoxazole;Colistin;Imipenem;Piperacillin-Tazobactam,Piperacillin-Tazobactam,Amikacin;Levofloxacin;Minocyclin,,,,,,,,,,Negative,
54.0,Male,Nephrology,"Elevated renal parameters,anasarca,facial puffiness","T2DM,HTN",AKI,nil,nil,AKI with UTI,Complicated UTI,Cystitis,Lower urinary tract,Urine,Escherichia coli,Gram Negative,Amikacin;Amoxicillin-Clavulanate;Aztreonam;Cefixime;Cefoperazone-Sulbactam;Ceftazidime;Ceftriaxone;Cefuroxime;Ciprofloxacin;Gentamicin;Imipenem;Meropenem;Piperacillin-Tazobactam,Cefoperazone-Sulbactam,Colistin;Fosfomycin;Nitrofurantoin,17.0,,72.0,,2.29,6.9,101.0,11.0,,2+,
35.0,Male,Nephrology,"Diarrhoea,loss of appetite,fever with chills,SOB,orthopnea",nil,AKI,nil,"Alcoholic,smoker","AKI over CKD,acute GE with UTI",Complicated UTI,Cystitis,Lower urinary tract,Urine,Coagulase-negative Staphylococcus,Gram Positive,Amikacin;Amoxicillin-Clavulanate;Ampicillin;Cefixime;Cefuroxime;Ciprofloxacin;Co-trimoxazole;Gentamicin;Levofloxacin;Nitrofurantoin,Co-trimoxazole,Linezolid;Teicoplanin;Vancomycin,15.0,11900.0,77.0,13.6,,,57.0,5.0,,Negative,7.0
65.0,Male,Nephrology,"Generalised weakness,loss of appetite,SOB,oliguria,burning micturition",HTN,CKD,nil,"Alcoholic,tobacco chewer",CKD with anaemia with UTI,Complicated UTI,Cystitis,Lower urinary tract,Urine,Escherichia coli,Gram Negative,Amoxicillin-Clavulanate;Aztreonam;Cefixime;Cefoperazone-Sulbactam;Ceftazidime;Ceftriaxone;Cefuroxime;Ciprofloxacin;Co-trimoxazole;Doxycycline;Imipenem;Levofloxacin;Meropenem;Norfloxacin;Piperacillin-Tazobactam,Co-trimoxazole,Amikacin;Fosfomycin;Gentamicin;Nitrofurantoin,6.0,18400.0,84.0,94.0,2.12,,73.0,3.5,,2+,
80.0,Male,Nephrology,"Cough with cold,SOB,loss of appetite,oliguria","HTN,T2DM",AKI,Post CABG,nil,AKI over CKD with UTI,Recurrent UTI,Pyelonephritis,Upper urinary tract,Urine,No Bacterial Growth,Unknown,,,,26.0,6.5,,,4.04,7.5,166.0,9.0,,Negative,5.0
64.0,Male,Nephrology,"SOB,cough,abdominal pain,fever,pedal edema","T2DM,HTN,PTB",AKI,nil,"Alcoholic,smoker",AKI with UTI,Complicated UTI,Pyelonephritis,Upper urinary tract,Urine,No Bacterial Growth,Unknown,,,,,13200.0,,63.5,1.15,,,,,Negative,
75.0,Male,Nephrology,"Cough with cold,SOB,loss of appetite,oliguria",T2DM,Renalcalculi,DJ stunting,Alcoholic,Lt renal calculi with UTI,Complicated UTI,Pyelonephritis,Upper urinary tract,Urine,No Bacterial Growth,Unknown,,,,29.0,,,,2.2,,,,,Negative,
53.0,Male,Nephrology,"Anasarca,steroid abuse,backpain,generalised weakness",nil,nil,nil,nil,Anasarca with UTI,Complicated UTI,Pyelonephritis,Upper urinary tract,Urine,Escherichia coli,Gram Negative,Amikacin;Amoxicillin-Clavulanate;Aztreonam;Cefixime;Cefoperazone-Sulbactam;Ceftazidime;Ceftriaxone;Cefuroxime;Ciprofloxacin;Co-trimoxazole;Doxycycline;Gentamicin;Levofloxacin;Norfloxacin;Piperacillin-Tazobactam,Ciprofloxacin;Doxycycline,Fosfomycin;Imipenem;Meropenem;Nitrofurantoin,29.0,,,,,8.7,25.0,11.0,,Negative,
64.0,Male,Nephrology,"Fever,vomitings,loss of appetite,abdominal pain,dysuria",T2DM,Renalcalculi,DJ stunting,nil,Lt renal calculi with UTI,Complicated UTI,Cystitis,Upper urinary tract,Urine,No Bacterial Growth,Unknown,,,,10.0,16200.0,82.0,,1.57,,,3.5,,2+,
49.0,Female,Nephrology,"Oliguria,SOB,anasarca,burning micturation,elevated renal parameters",HTN,AKI,nil,nil,AKI over CKD with UTI,Complicated UTI,Pyelonephritis,Upper urinary tract,Urine,No Bacterial Growth,Unknown,,,,10.0,,80.0,,2.15,11.3,66.0,5.0,,2+,
54.0,Female,Nephrology,"Burning micturition, fever,abdominal pain",T2DM,AKI,nil,nil,AKI with UTI,Complicated UTI,Pyelonephritis,Upper urinary tract,Urine,Escherichia coli,Gram Negative,Cefixime;Ceftazidime;Ceftriaxone;Ciprofloxacin;Gentamicin;Levofloxacin;Norfloxacin,Levofloxacin,Amikacin;Amoxicillin-Clavulanate;Cefoperazone-Sulbactam;Cefuroxime;Co-trimoxazole;Doxycycline;Fosfomycin;Imipenem;Meropenem;Nitrofurantoin,,6800.0,,,1.75,5.3,,3.0,,Negative,
73.0,Female,Nephrology,"SOB,chest pain,burning micturation",ADPKD,ADPKD,nil,nil,ADPKD withUTI,Complicated UTI,Pyelonephritis,Upper urinary tract,Urine,Klebsiella pneumoniae,Gram Negative,Amoxicillin-Clavulanate;Aztreonam;Ceftazidime;Ceftriaxone;Cefuroxime;Ciprofloxacin;Co-trimoxazole;Doxycycline;Fosfomycin;Levofloxacin;Nitrofurantoin;Norfloxacin,Doxycycline,Amikacin;Cefoperazone-Sulbactam;Gentamicin;Imipenem;Meropenem;Piperacillin-Tazobactam,17.0,,,13.0,4.5,8.0,98.0,5.0,,Negative,
45.0,Female,Nephrology,"Fever,SOB,oliguria,elevated renal parameters",T2DM,nil,nil,nil,Emphysematouspyelonephritis,Complicated UTI,Cystitis,Upper urinary tract,Urine,No Bacterial Growth,Unknown,,,,,,,,,,,,,Negative,
55.0,Female,Nephrology,"Anasarca,SOB,oliguria,pedaledema",CKD,CKD,nil,nil,ANCAvasculitis withCKD,Complicated UTI,Pyelonephritis,Upper urinary tract,Urine,No Bacterial Growth,Unknown,,,,14.0,,76.0,69.0,7.66,,86.0,,,Negative,
67.0,Female,Nephrology,"Hematuria,burning micturation",SLE,SLE,nil,nil,SLE with LN UTI,Complicated UTI,Pyelonephritis,Upper urinary tract,Urine,Klebsiella pneumoniae,Gram Negative,Amoxicillin-Clavulanate;Aztreonam;Cefixime;Ceftazidime;Ceftriaxone;Cefuroxime;Ciprofloxacin;Co-trimoxazole;Efperazone+Sulbactum;Levofloxacin;Nitrofurantoin;Piperacillin-Tazobactam,Ceftriaxone,Amikacin;Fosfomycin;Gentamicin,,,,,,,,,,Negative,
54.0,Female,Nephrology,"SOB,elevated renal parameters,generalisedweakness",HTN,CKD,nil,nil,CKD with UTI with Anaemia,Recurrent UTI,Pyelonephritis,Upper urinary tract,Urine,No Bacterial Growth,Unknown,,,,,,,,8.89,5.8,110.0,,,Negative,
61.0,Female,Nephrology,"Fever, decreased urine output,vomitings,abdominal pain,foul smelling discharge",HTN,Renalcalculi,DJ stunting,nil,Rt ureteric calculi with UTI,Complicated UTI,Pyelonephritis,Upper urinary tract,Urine,No Bacterial Growth,Unknown,,,,7.0,27100.0,,,,,,,,Negative,
48.0,Female,Nephrology,Lt loin pain radiating to groin,T2DM,Renalcalculi,DJ stunting,nil,Lt renal calculi with UTI,Complicated UTI,Pyelonephritis,Upper urinary tract,Urine,No Bacterial Growth,Unknown,,,,15.0,,75.0,,,,,,,Negative,
38.0,Female,Nephrology,"ABdominal pain,lt loin pain radiating to groin ,vomitings ,fever",nil,nil,DJ stunting,nil,Bilateral renal calculi with UTI,Complicated UTI,Pyelonephritis,Upper urinary tract,Urine,No Bacterial Growth,Unknown,,,,13.0,,,,,,,,,Negative,
51.0,Female,Nephrology,"Lt loin pain ,vomitings",HTN,HTN,DJ stunting,nil,Recurrent UTI,Recurrent UTI,Pyelonephritis,Upper urinary tract,Urine,No Bacterial Growth,Unknown,,,,5.0,,93.0,,2.19,,,,,Negative,
70.0,Female,Nephrology,"SOB withraised renalparametershyperkalemia,hyponatremia",HTN,HTN,Tubectomy,nil,HTNwithT2DM with,Recurrent UTI,Pyelonephritis,Upper urinary tract,Urine,Escherichia coli,Gram Negative,Co-trimoxazole;Doxycycline;Imipenem;Meropenem,Doxycycline,Amoxicillin-Clavulanate;Cefoxitin;Ciprofloxacin;Colistin;Erythromycin;Levofloxacin,,,,,,,,,,Negative,
44.0,Female,Nephrology,"Fever,Lt loinpain bulky cervix",T2DM,T2DM,Cesearean,nil,T2DMwith bulky cervix withUTI,Complicated UTI,Cystitis,Upper urinary tract,Urine,Klebsiella pneumoniae,Gram Negative,Amikacin;Amoxicillin-Clavulanate;Ceftazidime;Ceftriaxone;Ciprofloxacin;Fosfomycin;Gentamicin;Levofloxacin,Ciprofloxacin,Imipenem;Meropenem;Nitrofurantoin;Piperacillin-Tazobactam,,,,,,,,,,Negative,
48.0,Female,Nephrology,"Rt loinpain,vomiting,elevated renal parameters,abdominalpain",T2DM,T2DM,nil,nil,"HTN,T2DM,AKI,Pyelonephritis",Complicated UTI,Cystitis,Lower urinary tract,Urine,No Bacterial Growth,Unknown,,,,,,,,,,,,,Negative,
54.0,Female,Nephrology,Severe thrombocytopenia,HTN,HTN,nil,nil,Bilateral Pyelonephritis,Complicated UTI,Pyelonephritis,Upper urinary tract,Urine,No Bacterial Growth,Unknown,,,,5.0,16200.0,92.0,,3.0,10.7,187.0,7.0,2.5,4+,3.0
40.0,Female,Nephrology,"Diarrhoea,vomiting,abdominalpain,hematuria",Hypothyroidism,Hypothyroidism,Djstunting,nil,AcuteGEwithseveredehydration,Complicated UTI,Pyelonephritis,Upper urinary tract,Urine,Klebsiella pneumoniae,Gram Negative,Cefixime;Ceftazidime;Ceftriaxone;Cefuroxime;Co-trimoxazole;Fosfomycin;Nitrofurantoin;Norfloxacin,Ceftriaxone,Amikacin;Amoxicillin-Clavulanate;Cefoperazone-Sulbactam;Doxycycline;Gentamicin;Imipenem;Meropenem;Piperacillin-Tazobactam,5.0,5900.0,93.0,,2.48,4.3,79.0,3.5,,2+,
49.0,Female,Nephrology,"Fever,loss of appetite,tenderness+",nil,nil,nil,"Alcohol,smoking",Pyelonephritis with fungalsepsis,Complicated UTI,Pyelonephritis,Upper urinary tract,Urine,Staphylococcus aureus,Gram Negative,Ciprofloxacin;Levofloxacin,Ciprofloxacin,Ampicillin;Cefixime;Cefuroxime;Co-trimoxazole;Doxycycline;Linezolid;Nitrofurantoin;Teicoplanin;Vancomycin,5.0,39000.0,89.0,,,,,,,Negative,
42.0,Female,Nephrology,"HTN,fever,chills,burningmicturation,generalisedweakness",HTN,HTN,nil,nil,HTN with chronic IgAwithUTI,Complicated UTI,Pyelonephritis,Upper urinary tract,Urine,Escherichia coli,Gram Negative,Cefixime;Ceftazidime;Ceftriaxone;Cefuroxime,Cefixime;Ceftazidime,Amikacin;Amoxicillin-Clavulanate;Cefoperazone-Sulbactam;Ciprofloxacin;Co-trimoxazole;Fosfomycin;Gentamicin;Levofloxacin;Nitrofurantoin;Piperacillin-Tazobactam,3.0,13300.0,90.0,,5.03,6.4,130.0,15.0,1.5,3+,
71.0,Female,Nephrology,"Fever,chills,rigors,weaknessof Rt upperand lowerlimb",HTN,HTN,CVA,nil,Urosepsis with AKI,Complicated UTI,Cystitis,Lower urinary tract,Urine,Escherichia coli,Gram Negative,Amoxicillin-Clavulanate;Cefixime;Ceftazidime;Ceftriaxone;Cefuroxime;Co-trimoxazole,,Amikacin;Cefoperazone-Sulbactam;Fosfomycin;Gentamicin;Nitrofurantoin,,,,,,,,,,Negative,
45.0,Female,Nephrology,Pain in abdomen,T2DM,T2DM,,,,Complicated UTI,Cystitis,Lower urinary tract,Urine,No Bacterial Growth,Unknown,,,,,,,,,,,,,Negative,
40.0,Female,Nephrology,Lt loinpain radiating togroin notassociated with vomitng,nil,nil,nil,nil,Renal calculi withUTI,Complicated UTI,Cystitis,Lower urinary tract,Urine,No Bacterial Growth,Unknown,,,,,,,,,,,,,Negative,
29.0,Female,Nephrology,"B/L Loin pain,anasarca+generalised weakness,burning micturation",nil,nil,nil,nil,SLE with LN UTI,Complicated UTI,Cystitis,Lower urinary tract,Urine,No Bacterial Growth,Unknown,,,,35.0,5700.0,54.0,,0.89,3.9,18.0,3.5,1.5,1+,2.5
34.0,Female,Nephrology,Lt loinpain radiating togroin notassociated with nausea,nil,nil,Rt URSL,nil,Lt multiple renal calculiwithUTI,Complicated UTI,Cystitis,Lower urinary tract,Urine,No Bacterial Growth,Unknown,,,,23.0,,,,1.51,,,,,Negative,
70.0,Male,Nephrology,"Burning micturation+,poorurinarystream,itching",nil,nil,nil,nil,Ltrenalcalculiwithcystitiswith,Complicated UTI,Cystitis,Lower urinary tract,Urine,No Bacterial Growth,Unknown,,,,33.0,7000.0,56.0,,1.21,5.6,21.0,3.5,1.5,1+,
55.0,Male,Nephrology,"Rtloinpain,radiating togroin notassociated with nausea",HTN,HTN,,,,Complicated UTI,Cystitis,Lower urinary tract,Urine,,,Amikacin;Amoxicillin-Clavulanate;Cefoperazone-Sulbactam;Ciprofloxacin;Levofloxacin;Piperacillin,Cefoperazone-Sulbactam,Ceftriaxone;Nitrofurantoin,,,,,,,,,,Negative,
49.0,Male,Nephrology,"SOB,abdominalpain,abdominaldisfusion,blurring vision,pedaledema,facialedema",T2DM,T2DM,nil,nil,"AKI,Renal biopsy done mode",Complicated UTI,Cystitis,Lower urinary tract,Urine,,,Amikacin;Amoxicillin-Clavulanate;Cefixime;Ceftazidime;Ceftriaxone;Cefuroxime;Ciprofloxacin;Co-trimoxazole;Doxycycline;Fosfomycin;Gentamicin;Levofloxacin;Nitrofurantoin;Norfloxacin,Amikacin;Doxycycline,Cefoperazone-Sulbactam;Imipenem;Meropenem;Piperacillin-Tazobactam,,,,,,,,,,Negative,
3.0,Male,General Surgery,Passing thin urinestream,nil,nil,nil,nil,Phimosis with UTI,Complicated UTI,Cystitis,Lower urinary tract,Urine,Escherichia coli,Gram Negative,Amikacin;Ciprofloxacin,,Cefixime;Fosfomycin,49.0,11300.0,40.0,,0.62,2.4,16.0,2.5,0.5,Negative,
75.0,Male,Nephrology,"Burningmicturation,terminaldysuria,hematuria",nil,nil,nil,nil,Cysrtitis with UTI,Complicated UTI,Cystitis,Lower urinary tract,Urine,Escherichia coli,Gram Negative,Amoxicillin-Clavulanate;Ciprofloxacin;Meropenem;Piperacillin,Piperacillin-Tazobactam,Ceftriaxone;Fosfomycin,,,,,1.27,,,2.5,0.5,2+,1.5
72.0,Male,Nephrology,"Rtloinpain,burningmicturation",nil,nil,nil,nil,Grossprostatemegaly with,Complicated UTI,Cystitis,Lower urinary tract,Urine,Escherichia coli,Gram Negative,Amikacin;Amoxicillin-Clavulanate;Meropenem;Piperacillin,Meropenem,Cefoperazone-Sulbactam;Ceftazidime;Ciprofloxacin;Levofloxacin,,,,,1.11,,,,,Negative,
59.0,Male,Nephrology,"Lossofappetite,nausea,dysuria+","HTN,T2DM","HTN,T2DM",nil,nil,Strictureurethra with UTI,Complicated UTI,Cystitis,Lower urinary tract,Urine,No Bacterial Growth,Unknown,,,,27.8,10900.0,65.0,,1.3,5.2,48.0,,,Negative,
67.0,Male,Nephrology,"Lt loinpain,radiatingtogroin not associated with vomiting",HTN,HTN,PCNL+DJStunting,"Alcohol,smoking",Lt PUJ calculi withHDNwithUTI,Complicated UTI,Cystitis,Lower urinary tract,Urine,No Bacterial Growth,Unknown,,,,15.0,11800.0,74.0,,1.5,,,3.5,0.5,1+,1.5
7.0,Male,Nephrology,"ABdominal pain,vomitings ,fever",nil,nil,nil,nil,AKI withpyelonephritiswithUTI,Complicated UTI,Pyelonephritis,Upper urinary tract,Urine,Escherichia coli,Gram Negative,Amoxicillin-Clavulanate;Ampicillin;Cefalotin;Cefixime;Ceftazidime;Ceftriaxone;Ciprofloxacin;Co-trimoxazole;Norfloxacin;Ofloxacin,Amoxicillin-Clavulanate,Amikacin;Fosfomycin;Gentamicin;Nitrofurantoin,,,,,,,,,,Negative,
60.0,Male,Nephrology,"Poor urinarystream,abdominalpain",nil,nil,nil,nil,AKIwithrenalcalculi withcystitis,Complicated UTI,Cystitis,Lower urinary tract,Urine,Klebsiella pneumoniae,Gram Negative,Amoxicillin-Clavulanate;Ampicillin;Cefalotin;Cefixime;Ceftazidime;Ceftriaxone;Ciprofloxacin;Co-trimoxazole;Norfloxacin;Ofloxacin,Ofloxacin,Amikacin;Nitrofurantoin;Piperacillin-Tazobactam,15.0,7800.0,80.0,,2.5,1.5,,2.5,3.5,Negative,
28.0,Female,Nephrology,"Lt loinpain,fever,burning micturation",nil,nil,Tubectomy,nil,Renalcalculi withUTI,Complicated UTI,Cystitis,Lower urinary tract,Urine,Escherichia coli,Gram Negative,Amoxicillin-Clavulanate;Ampicillin;Cefalotin;Cefixime;Ceftazidime;Ceftriaxone;Ciprofloxacin;Co-trimoxazole;Norfloxacin;Ofloxacin;Piperacillin,Ceftazidime;Ceftriaxone,Amikacin;Ertapenem;Fosfomycin;Gentamicin,,,,,,,,,,Negative,
27.0,Female,Nephrology,"Fever,poor urinary stream",nil,nil,nil,nil,Urinarytractinfection,Uncomplicated UTI,Cystitis,Lower urinary tract,Urine,Pseudomonas aeruginosa,Gram Negative,Ceftriaxone;Co-trimoxazole;Piperacillin,,Amikacin;Ceftazidime;Ciprofloxacin;Norfloxacin;Ofloxacin,,,,,,,,,,Negative,
60.0,Male,Nephrology,"Fever,abdominalpain,burningmicturation",T2DM,T2DM,nil,Alcoholic,Diabeticfoot withAKI with UTI,Complicated UTI,Cystitis,Lower urinary tract,Urine,No Bacterial Growth,Unknown,,,,3.0,43800.0,92.0,,2.88,4.5,94.0,3.5,8.0,3+,
32.0,Female,Nephrology,"Feverwithchills,coughwithsputum,vomiting,abdominalpain",nil,nil,nil,nil,Pyelonephritis with GEwithUTI,Complicated UTI,Pyelonephritis,Upper urinary tract,Urine,No Bacterial Growth,Unknown,,,,19.0,,71.0,,1.8,10.0,,,,Negative,
33.0,Female,Obstetrics & Gynecology,"Labourpain,headache,burningmicturation",HTN,HTN,nil,Pregnancy,SeverePE withIUGR withchronic,Complicated UTI,Pyelonephritis,Upper urinary tract,Urine,No Bacterial Growth,Unknown,,,,,,,,,7.9,,3.5,5.0,Negative,
24.0,Female,Obstetrics & Gynecology,Increasedfrequency of micturationmildbackpain occasionally,nil,nil,nil,nil,Hypothyroidism inpregnacy with,Complicated UTI,Cystitis,Upper urinary tract,Urine,No Bacterial Growth,Unknown,,,,20.0,11200.0,71.0,,0.86,6.7,17.0,3.5,2.5,Negative,
12.0,Male,Nephrology,"Abdominalpain associatedwithvomiting,dysuria",nil,nil,nil,nil,Urinarytractinfection,Uncomplicated UTI,Cystitis,Lower urinary tract,Urine,Streptococcus pneumoniae,Gram Negative,Cefixime;Cefuroxime;Ciprofloxacin;Co-trimoxazole;Levofloxacin;Nitrofurantoin,Levofloxacin,Amoxicillin-Clavulanate;Linezolid;Vancomycin,,,,,,,,,,Negative,
65.0,Female,Nephrology,"SOB, pedal oedema, elevated real parameters, burning micturation, anasarca.","HTN, T2DM","HTN, T2DM",nil,nil,AKI with UTI,Recurrent UTI,Pyelonephritis,Upper urinary tract,Urine,No Bacterial Growth,Unknown,,,,8.0,25900.0,89.0,38.6,,,,3.5,2.5,Negative,4.5
56.0,Female,Nephrology,"Abdominalpain, leftloinpainradiatinggroin,",nil,nil,nil,nil,Renalcalculi with UTI,Complicated UTI,Pyelonephritis,Upper urinary tract,Urine,Escherichia coli,Gram Negative,Amoxicillin-Clavulanate;Ampicillin;Cefalotin;Cefixime;Ceftazidime;Ceftriaxone;Ciprofloxacin;Co-trimoxazole;Nitrofurantoin;Norfloxacin;Ofloxacin;Pipperacill-Tazobactum,Ciprofloxacin,Amikacin;Ertapenem;Fosfomycin;Gentamicin,,,,,,,,,,Negative,
60.0,Male,General Medicine,"Burningmicturation, fever, chills,","T2DM, HTN","T2DM, HTN",nil,nil,UTI with T2DM,Complicated UTI,Cystitis,Lower urinary tract,Blood,No Bacterial Growth,Unknown,,,,9.0,13200.0,76.0,,,,,2.5,2.5,Negative,
40.0,Male,Nephrology,"Dysuria,abdominal pain,poor flow of urine",T2DM,T2DM,nil,Alcohol,UTI with T2DM,Complicated UTI,Pyelonephritis,Upper urinary tract,Urine,Escherichia coli,Gram Negative,Amikacin;Ampicillin;Cefalotin;Cefixime;Ceftazidime;Ciprofloxacin;Gentamicin,Amikacin;Cefixime,Co-trimoxazole;Ertapenem;Fosfomycin;Nitrofurantoin;Norfloxacin;Ofloxacin;Piperacillin-Tazobactam,,,,,,,,,,Negative,
49.0,Female,Nephrology,"Dysuria,Burning micturation",nil,nil,nil,nil,AKI withUTI,Complicated UTI,Pyelonephritis,Upper urinary tract,Urine,Escherichia coli,Gram Negative,Amikacin;Amoxicillin-Clavulanate;Ampicillin;Cefalotin;Cefixime;Ceftriaxone;Ciprofloxacin;Gentamicin;Norfloxacin;Ofloxacin;Piperacillin-Tazobactam,Piperacillin-Tazobactam,Co-trimoxazole;Ertapenem;Fosfomycin;Nitrofurantoin,,,,,,,,,,Negative,
79.0,Male,Nephrology,"Dysuria,poor urinary stream",HTN,HTN,Cystourethroscopy,nil,Prostatomegalywithsignificant,Complicated UTI,Cystitis,Lower urinary tract,Urine,No Bacterial Growth,Unknown,,,,11.0,13900.0,77.0,,,,,3.5,,Negative,2.5
38.0,Male,Nephrology,"Fever,burning micturation,generalisedweakness",HTN,HTN,nil,nil,Amyloidnephropathonsteriodwith UTI,Complicated UTI,Cystitis,Lower urinary tract,Urine,Klebsiella pneumoniae,Gram Negative,Amoxicillin-Clavulanate;Aztreonam;Cefixime;Cefoperazone-Sulbactam;Ceftazidime;Ceftriaxone;Cefuroxime;Ciprofloxacin;Co-trimoxazole;Doxycycline;Fosfomycin;Levofloxacin;Nitrofurantoin;Norfloxacin;Piperacillin-Tazobactam,Co-trimoxazole,Amikacin;Gentamicin;Imipenem;Meropenem,,,82.2,1.7,,,2.0,,,Negative,
39.0,Male,Nephrology,"Vomitings,hiccups,lossofappetite,elevatedrenalparameters",HTN,Renalcalculi,nil,nil,AKIwith renalcalculi withUTI,Complicated UTI,Cystitis,Lower urinary tract,Urine,No Bacterial Growth,Unknown,,,,23.0,73.0,11100.0,52.7,,,2.0,,,Negative,
50.0,Female,Nephrology,"Fever,dysuria,abdominalpain",nil,nil,nil,nil,UTI,Complicated UTI,Cystitis,Lower urinary tract,Urine,No Bacterial Growth,Unknown,,,,,,,,,,,,,Negative,
62.0,Male,Nephrology,"Abdominalpain,elevatedrenalparameters,hiccups,burningmicturation",T2DM,AKI,nil,nil,AKIwithUTI,Complicated UTI,Cystitis,Lower urinary tract,Urine,No Bacterial Growth,Unknown,,,,13.0,73.0,67.5,2.59,,,2.0,,,Negative,
62.0,Male,Nephrology,Renal mass with hematuria,nil,AKI,nil,nil,Left radical nephrectomy with UTI,Complicated UTI,Cystitis,Lower urinary tract,Urine,No Bacterial Growth,Unknown,,,,20.0,,71.0,,1.16,,,,,Negative,
42.0,Male,Nephrology,"Dysuria,burningmicturation","CKD,HTN",CKD,nil,nil,Urethral rupture with UTI,Complicated UTI,Cystitis,Lower urinary tract,Urine,No Bacterial Growth,Unknown,,,,6.0,,92.0,6.0,,7.66,12.0,,3.0,Negative,
64.0,Male,Nephrology,"SOB,lossofspeech,hypoglycemia,elevatedrenalparameters","HTN,T2DM",AKI,CABG,nil,AKI with UTI,Complicated UTI,Cystitis,Lower urinary tract,Urine,No Bacterial Growth,Unknown,,,,9.0,,81.0,17.4,,,41.0,,,3+,
38.0,Male,Nephrology,"Feverwithchills,burningmicturation,generalisedweakness",HTN,Steriodabuse,nil,nil,Amyloidnephropathonsteriodwith UTI,Complicated UTI,Pyelonephritis,Upper urinary tract,Urine,Klebsiella pneumoniae,Gram Negative,Amoxicillin-Clavulanate;Aztreonam;Cefixime;Cefoperazone-Sulbactam;Ceftazidime;Ceftriaxone;Cefuroxime;Ciprofloxacin;Co-trimoxazole;Doxycycline;Fosfomycin;Levofloxacin;Nitrofurantoin;Piperacillin-Tazobactam,Cefoperazone-Sulbactam;Ciprofloxacin,Amikacin;Gentamicin;Imipenem;Meropenem,25.0,,,55.2,1.83,,,2.5,,Negative,
26.0,Female,Nephrology,"Ltloinpain,nausea,vomitings,dysuria",nil,uretericcalculi,Djstunting,nil,Uretericcalculi with UTI,Complicated UTI,Cystitis,Lower urinary tract,Urine,No Bacterial Growth,Unknown,,,,8.0,14500.0,81.0,,1.06,,,,,Negative,
37.0,Male,General Medicine,"Yellowishdiscolourofurine,hiccups",nil,nil,nil,"Alcohol,smoking",Alcoholicliverdisease with UTI,Complicated UTI,Cystitis,Lower urinary tract,Urine,No Bacterial Growth,Unknown,,,,39.0,6.9,48.0,,,3.3,21.0,1.5,2.5,Negative,
55.0,Female,Nephrology,"Anasarca,pedaledema",nil,Obstructiveuropathy,nil,nil,Obstructiveuropathy with UTI,Complicated UTI,Cystitis,Lower urinary tract,Urine,No Bacterial Growth,Unknown,,,,8.0,11900.0,84.0,,2.12,4.7,25.0,3.0,,Negative,
54.0,Female,Nephrology,"Feverwithchills,burningmicturation,generalisedweakness,hematuria",T2DM,AKI,nil,nil,AKIwithUTI,Complicated UTI,Pyelonephritis,Upper urinary tract,Urine,No Bacterial Growth,Unknown,,,,20.0,7500.0,76.0,,1.43,4.9,23.0,11.0,7.5,3+,7.0
50.0,Male,Nephrology,"Feverwithchills,burningmicturation,generalisedweakness,vomitings,anasarca",HTN,AKI,Appendectomy,nil,AKIwithUTI,Complicated UTI,Pyelonephritis,Upper urinary tract,Urine,No Bacterial Growth,Unknown,,,,,,,,1.59,,,11.0,7.5,3+,7.0
36.0,Female,Nephrology,"Elevatedrenalparameters,sepsis,anasarca,generalisedweakness",T2DM,AKI,nil,nil,SLE with LN AKIwith UTI,Complicated UTI,Pyelonephritis,Upper urinary tract,Urine,No Bacterial Growth,Unknown,,,,14.0,,76.0,,2.73,4.7,59.0,3.5,1.5,Negative,4.5
40.0,Male,Nephrology,"SOB+,Elevated renalparameters,pedaledema,anuric+,thrombocytopenia",nil,AKI,nil,nil,Recurrent Lt Llcellulitis withAKIoverCKD,Complicated UTI,Cystitis,Lower urinary tract,Urine,Klebsiella pneumoniae,Gram Negative,Amikacin;Amoxicillin-Clavulanate;Aztreonam;Cefixime;Cefoperazone-Sulbactam;Ceftazidime;Ceftriaxone;Cefuroxime;Ciprofloxacin;Co-trimoxazole;Doxycycline;Fosfomycin;Gentamicin;Imipenem;Levofloxacin;Meropenem;Nitrofurantoin;Norfloxacin;Piperacillin-Tazobactam,Cefoperazone-Sulbactam;Gentamicin,Colistin,20.0,,72.0,33.0,5.25,,,,,Negative,
20.0,Male,Nephrology,"SOB+,unresponsiveness,post cardiac arrest in ER",HTN,HTN,AVF constructed,nil,"CKDonMHDwithHTN,heartfailure",Complicated UTI,Cystitis,Lower urinary tract,Urine,No Bacterial Growth,Unknown,,,,8.0,10200.0,89.0,,6.54,6.3,102.0,1.5,0.5,2+,0.5
70.0,Male,Nephrology,"SOB+,fever,productive cough,,lossofappetite,elevatedrenalparameters",T2DM,AKI,nil,Smoking,AKIwithpneumonia with Lt LL,Complicated UTI,Cystitis,Lower urinary tract,Urine,No Bacterial Growth,Unknown,,,,,,,,,,,,,Negative,
73.0,Female,Nephrology,"Pain swellinginRt foot,Trauma+",HTN,HTN,Post PTCA,nil,ADPKDonMHD withCAD withDCMP,Complicated UTI,Pyelonephritis,Upper urinary tract,Urine,No Bacterial Growth,Unknown,,,,,,,68.4,5.42,5.7,102.0,11.0,7.5,Negative,
62.0,Male,General Surgery,"Abdominaldistension,painin abdomen,SOB+",nil,nil,nil,nil,Acute intestinal obstruction with UTI,Uncomplicated UTI,Cystitis,Lower urinary tract,Urine,No Bacterial Growth,Unknown,,,,12.0,,78.0,,,,58.0,3.5,3.5,Negative,
46.0,Male,Nephrology,"Diarrhoea,pedaledema,elevated reanalparameters,SOB+","HTN,T2DM","PTB,T2DM,HTN",nil,Alcohol,CKDonMHD withSeizures with,Complicated UTI,Pyelonephritis,Upper urinary tract,Urine,No Bacterial Growth,Unknown,,,,20.0,,76.0,75.9,,,,3.5,3.5,Negative,3.5
75.0,Male,Nephrology,"Hematuria associatedwithchills,dysuria","HTN,T2DM",AKI,nil,nil,"AKIwithT2DM,HTN withUTI",Complicated UTI,Cystitis,Lower urinary tract,Urine,No Bacterial Growth,Unknown,,,,,,,,,,,,,Negative,
18.0,Female,Nephrology,"Cough,fever,diarrhoea,vomiting,burninghandsand foot ,sleepdisturbances",nil,nil,nil,nil,Quadreparesis withseveremetabolic,Complicated UTI,Pyelonephritis,Upper urinary tract,Urine,No Bacterial Growth,Unknown,,,,3.0,16900.0,93.0,1.2,2.67,,143.0,7.5,,4+,1.5
49.0,Male,Nephrology,"Hematuria,elevated renalparameters",T2DM,nil,nil,nil,Infection relatedglomerulonephritis,Complicated UTI,Cystitis,Lower urinary tract,Urine,No Bacterial Growth,Unknown,,,,,,,,,,,,,Negative,
40.0,Female,Nephrology,"Ltloinpain radiating to groin,not associated with vomiting,and lowgrade fever",nil,nil,nil,nil,Proximalureteric calculi withUTI,Uncomplicated UTI,Cystitis,Lower urinary tract,Urine,No Bacterial Growth,Unknown,,,,,4700.0,,,1.42,,,,,Negative,
68.0,Female,Nephrology,"Fever,pusin urine,elevated renalparameter",HTN,AKI,nil,nil,PyelonephritiswithAKI withUTI,Complicated UTI,Cystitis,Lower urinary tract,Urine,No Bacterial Growth,Unknown,,,,18.0,,71.0,99.0,3.79,7.8,69.0,11.0,2.5,4+,3.0
67.0,Male,Nephrology,"SOB+,elevatedrenalparameters,generalised weakness,pedaledema","T2DM, HTN",AKI,nil,nil,"T2DM,HTN withAKIoverCKDwithRHF",Complicated UTI,Cystitis,Lower urinary tract,Urine,No Bacterial Growth,Unknown,,,,4.0,1800.0,92.0,37.5,4.08,8.1,119.0,3.5,0.5,3+,
38.0,Male,Nephrology,"Cough with sputum,SOB+,Pedaledema","T2DM,HTN",AKI,Renal biopsy,Alcohol,T2DM with denovoHTN withurosepsis,Complicated UTI,Cystitis,Upper urinary tract,Urine,No Bacterial Growth,Unknown,,,,28.0,9100.0,62.0,,4.12,8.3,69.0,5.0,2.5,4+,0.5
76.0,Male,General Medicine,"Fever withchills &rigors,SOB,diarrhoea",T2DM,nil,nil,nil,Acute enterfies withT2DM,Complicated UTI,Cystitis,Lower urinary tract,Urine,No Bacterial Growth,Unknown,,,,,,,,,,,,,Negative,
50.0,Female,Nephrology,"Fever withchills triggors,SOB,burning micturation,poorstream of urine,elevatedrenalparameters",nil,nil,nil,Smoking,"B/L renalcalculi,urosepsis",Complicated UTI,Cystitis,Lower urinary tract,Urine,No Bacterial Growth,Unknown,,,,,,,33.0,2.7,6.7,43.0,,,Negative,
48.0,Female,Nephrology,"Fever,anasarca,vomiting,pedaledema,elevated renalparameters",nil,nil,Vaginalprolapse,nil,ADPKDwithSepsiswithUTI,Uncomplicated UTI,Cystitis,Lower urinary tract,Urine,No Bacterial Growth,Unknown,,,,12.0,13400.0,79.0,78.0,,,,2.5,1.5,Negative,
56.0,Male,Nephrology,"Dysuria,Rt loinpain radiatung togroin associated with vomiting",nil,AKI,nil,nil,AKI withpsoriasis with BOO,Complicated UTI,Cystitis,Lower urinary tract,Urine,No Bacterial Growth,Unknown,,,,15.0,,76.0,,4.89,15.0,,2.5,1.5,Negative,
74.0,Male,General Medicine,"SOB,pedaledema,orthopnea,fever,cold",nil,nil,nil,Smoking,Cystitis withpneumoniae withUTI,Uncomplicated UTI,Cystitis,Lower urinary tract,Urine,No Bacterial Growth,Unknown,,,,15.0,,80.0,,,,59.0,2.5,3.5,Negative,
62.0,Male,Nephrology,"Lt loinpain,radiatingtogroin not associated with vomiting ,Hematuria",nil,uretericcalculi,nil,nil,Lt mid uretericcalculuswithHDUN,Complicated UTI,Cystitis,Lower urinary tract,Urine,No Bacterial Growth,Unknown,,,,21.0,,,,,,,,,Negative,
55.0,Female,Nephrology,"SOB,oliguria,pedaledema,Anasarca",HTN,AKI,nil,nil,ANCAvasculitis withCKD withseizures,Complicated UTI,Cystitis,Lower urinary tract,Urine,No Bacterial Growth,Unknown,,,,,,,,,,,,,Negative,
45.0,Female,Nephrology,"Fever,SOB,oliguria,elevated renalparameters","T2DM,HTN,Asthama",AKI,nil,nil,Pyelonephritis with AKI withUTI,Complicated UTI,Pyelonephritis,Upper urinary tract,Urine,Escherichia coli,Gram Negative,Amikacin;Amoxicillin-Clavulanate;Ampicillin;Cefalotin;Cefixime;Ceftriaxone;Ciprofloxacin;Gentamicin;Norfloxacin;Ofloxacin;Piperacillin-Tazobactam,Piperacillin-Tazobactam,Co-trimoxazole;Ertapenem;Fosfomycin;Nitrofurantoin,3.0,13800.0,90.0,30.0,,,,2.5,1.5,Negative,
34.0,Female,Nephrology,Lt loinpain radiating to groin,nil,Renalcalculi,nil,nil,Lt multiple renal calculiwithHDN,Complicated UTI,Cystitis,Lower urinary tract,Urine,No Bacterial Growth,Unknown,,,,23.0,12000.0,,,,,,,,Negative,
74.0,Male,Nephrology,"Fever,cough,cold,burningmicturation",T2DM,nil,nil,nil,Pneumonia with fever with,Complicated UTI,Cystitis,Lower urinary tract,Urine,No Bacterial Growth,Unknown,,,,46.0,,48.0,40.4,,,,2.5,,Negative,
52.0,Female,Nephrology,"Fever,abdominalpain,burningmicturation",T2DM,nil,Djstenting,nil,T2DM withrecurrentpyelonephritis,Complicated UTI,Cystitis,Lower urinary tract,Urine,No Bacterial Growth,Unknown,,,,,,,,,,,,,Negative,
20.0,Female,Nephrology,Rt loin pain,nil,staghorncalculi,URSL,nil,B/L staghorn calculi withUTI,Complicated UTI,Cystitis,Lower urinary tract,Urine,No Bacterial Growth,Unknown,,,,23.0,7700.0,68.0,,2.18,,,2.5,1.5,Negative,
51.0,Female,Nephrology,"Oliguria,SOB,elevated renalparameters,pedaledema",T2DM,AKI,CADpostPTCA,nil,AKI with contract induced nephropathy,Complicated UTI,Cystitis,Lower urinary tract,Urine,Escherichia coli,Gram Negative,Amoxicillin-Clavulanate;Aztreonam;Cefixime;Ceftazidime;Ceftriaxone;Cefuroxime;Ciprofloxacin;Co-trimoxazole;Gentamicin;Levofloxacin;Norfloxacin,Ceftazidime,Amikacin;Cefoperazone-Sulbactam;Doxycycline;Fosfomycin;Imipenem;Meropenem;Nitrofurantoin;Piperacillin-Tazobactam,24.0,,,13.9,6.03,12.1,117.0,11.0,1.5,4+,2.5
46.0,Female,Nephrology,Lt loin pain radiating to groin associated with vomiting,nil,Ureteric calculi,nil,nil,Lt proximal ureteric calculus withHDUN,Complicated UTI,Cystitis,Lower urinary tract,Urine,No Bacterial Growth,Unknown,,,,21.0,6700.0,75.0,,1.64,,,,,Negative,
81.0,Male,Nephrology,"SOB+,fever,vomiting","T2DM,HTN",AKI,nil,nil,"T2DM,HTN withAKIoverCKDwith",Complicated UTI,Cystitis,Lower urinary tract,Urine,No Bacterial Growth,Unknown,,,,,,,,,,,,,Negative,
62.0,Male,Nephrology,"Loss of appetite,abdominaldiscomfort,renalmass with hematuria",nil,Renalcalculi,nil,nil,Renal calculi with UTI,Complicated UTI,Cystitis,Lower urinary tract,Urine,No Bacterial Growth,Unknown,,,,,,,,1.16,,,,,Negative,
41.0,Male,Nephrology,"Dysuria,abdominalpain","DM,HTN",Renalcalculi,nil,nil,Pyelonephritis withmultiple reanal,Complicated UTI,Pyelonephritis,Upper urinary tract,Urine,Escherichia coli,Gram Negative,Ampicillin;Cefalotin;Cefixime;Ceftazidime;Ceftriaxone;Ciprofloxacin;Nitrofurantoin;Norfloxacin;Ofloxacin;Piperacillin-Tazobactam,Ofloxacin;Piperacillin-Tazobactam,Amikacin;Ertapenem;Fosfomycin;Gentamicin,,,,,,,,,,Negative,
102.0,Male,Nephrology,"Dysuria,pus in urine,abdominalpain",nil,Renalcalculi,nil,nil,Renalcalculi withUTI,Complicated UTI,Cystitis,Lower urinary tract,Urine,Pseudomonas aeruginosa,Gram Negative,Ceftriaxone;Co-trimoxazole;Piperacillin-Tazobactam,Ceftriaxone,Amikacin;Ceftazidime;Norfloxacin,,,,,,,,,,Negative,
60.0,Female,General Medicine,"SOB,pedaledema,headache,Fever",nil,nil,nil,nil,Emphysematous pyelonephritis with,Uncomplicated UTI,Pyelonephritis,Upper urinary tract,Urine,No Bacterial Growth,Unknown,,,,12.0,21800.0,85.0,,,,58.0,1.5,2.5,Negative,
75.0,Male,Nephrology,"SOB,drycough,burningmicturation,pedaledema","DM,HTN",AKI,Appendectomy,nil,AKI with severe LVD with UTI,Complicated UTI,Cystitis,Lower urinary tract,Urine,No Bacterial Growth,Unknown,,,,11.0,13400.0,82.0,54.4,3.4,13.3,114.0,,,Negative,
45.0,Male,Nephrology,"Anasarca,hyperkalemia,severe metabolic acidosis",nil,AKI,nil,nil,AKI with UTI,Complicated UTI,Cystitis,Lower urinary tract,Urine,No Bacterial Growth,Unknown,,,,13.0,16000.0,70.0,72.8,6.6,7.7,64.0,,,Negative,
52.0,Female,Nephrology,"Oliguria,SOB,elevated renalparameters,pedaledema,metaboliacidosis,sepsis,decreased responsiveness","T2DM,HTN",AKI,nil,nil,Sepsis with recuurent hypoglycemia,Complicated UTI,Cystitis,Lower urinary tract,Urine,,,Amikacin;Cefixime;Cefoperazone-Sulbactam;Cefotaxime;Ceftriaxone;Cefuroxime;Ciprofloxacin;Doxycycline;Imipenem;Levofloxacin;Meropenem;Norfloxacin;Piperacillin-Tazobactam,Cefoperazone-Sulbactam,Colistin;Tigecycline,,,,,,,,,,Negative,
31.0,Male,Nephrology,"SOB,Dry cough,Denevo HTN,",HTN,CKD,nil,Nil,Denovo HTN With CKD On MHD with,Complicated UTI,Pyelonephritis,Upper urinary tract,Urine,Escherichia coli,Gram Negative,Amoxicillin-Clavulanate;Ceftazidime;Ceftriaxone;Ciprofloxacin;Co Methotrexate;Levofloxacin;Meropenem;Piperacillin-Tazobactam,Piperacillin-Tazobactam,Amikacin;Fosfomycin;Imipenam;Nitrofurantoin,16.0,16800.0,72.0,27.1,4.78,5.02,112.0,2.5,1.5,4+,
64.0,Male,Nephrology,"SOB,Diarrhoea,Productive cough, Fever spikes,","T2DM,HTN",CKD,nil,nil,Pneumonia with CKD with acute GE wih UTI,Complicated UTI,Pyelonephritis,Upper urinary tract,Urine,Escherichia coli,Gram Negative,Amoxicillin-Clavulanate;Cefixime;Ceftriaxone;Cefuroxime;Ciprofloxacin;Levofloxacin;Meropenem;Piperacillin-Tazobactam,Piperacillin-Tazobactam,Colistin;Vancomycin,13.0,,82.0,70.8,,,,,,Negative,
73.0,Male,Nephrology,"Fever with chills&rigors,pedaledema,burningmicturation,scrotalsac swelling","T2DM,HTN",AKI,Catract General Surgery,nil,HTN with denovo T2DM withAKIwith,Complicated UTI,Cystitis,Lower urinary tract,Urine,No Bacterial Growth,Unknown,,,,11.0,12300.0,80.0,43.5,,,,5.0,1.5,4+,1.5
72.0,Male,General Medicine,"SOB,abdominal pain",HTN,Stricture urethra,Optical urethrotomy,Smoking,"CAD-LAD stenosis/ISR ofLCX &RCAstent,",Complicated UTI,Cystitis,Lower urinary tract,Urine,No Bacterial Growth,Unknown,,,,,,,40.2,,,,,,Negative,
54.0,Male,Nephrology,"SOB, fever, elevated renal parameters,",HTN,CKD,nil,nil,CKD with anaemia with pneumonia with UTI,Complicated UTI,Cystitis,Lower urinary tract,Urine,No Bacterial Growth,Unknown,,,,13.0,13500.0,80.0,50.0,,6.5,91.0,,,Negative,
74.0,Male,Nephrology,"urinary incontinence since 1month, itching all over the body, body pains, generalised weakness, hematuria since 4days",nil,diabetes and kideney disease,nil,nil,obstructive uropathy with urosepsis with nephritic nephrotic syndrome,Complicated UTI,Cystitis,Lower urinary tract,Urine,Escherichia coli,Gram Negative,Amoxicillin-Clavulanate;Cefixime;Cefoperaxone;Cefoperazone-Sulbactam;Ceftazidime;Levofloxacin;Meropenem;Pipperacillin-Tazobactum;Sulbactum;Tetracyclline,Cefaperaxone,Amikacin;Co-trimoxazole;Fosfomicin;Gentamicin;Nitrofunation;Tigecycline,16.0,11500.0,59.0,,1.15,3.9,20.0,1.0,,2+,
39.0,Male,Nephrology,"sob, productive cough, tachypnea, elevated renal parameters",htn,"diabetes, high bp",nil,nil,denovo HTN with CKD with tracheostomy,Complicated UTI,Cystitis,Lower urinary tract,Blood,Klebsiella pneumoniae,Gram Negative,Amicacin;Amoxiclav;Cefixime;Cefixine;Cefoperazone-Sulbactam;Co-trimoxazole;Genatamicin;Gentamicin;Levofloxacin;Ofloxacin;Piperacillin,Co-trimoxazole;Levofloxacin;Ofloxacin,Aztreonam;Meropenem;Tetracycline;Tetracycllin;Tigecline,9.0,8800.0,79.0,55.3,5.54,6.7,156.0,,,4+,
63.0,Male,Nephrology,"sob, elevated renal parameters, pedal edema",nil,"cellulitis, kidney stones",DJ stenting,nil,cardiorenal syndrome CAD CKD induced DCMP,Complicated UTI,Cystitis,Lower urinary tract,Pus,Klebsiella pneumoniae,Gram Negative,Amoxicillin-Clavulanate;Aztreonam;Cefixime;Cefoperazone-Sulbactam;Co-trimoxazole;Piperacillin-Tazobactam;Sulbactum;Tetracycline,Amikacin;Amoxicillin-Clavulanate,Amikacin;Gentamicin;Meropenem;Tigecycline,8.0,4800.0,84.0,57.3,3.07,5.5,44.0,,,Negative,
1.0,Female,Pediatrics,pain during micturation,nil,age,nil,nil,recurrent UTI,Uncomplicated UTI,Cystitis,Lower urinary tract,Urine,Escherichia coli,Gram Negative,Amipicilin;Cefazolin;Cefotoxine;Ceftazidime;Cefuroxime;Ciprofloxacin;Levofloxacin;Norfloxacin,,Amoxycillin+Clavulonic Acid;Ampicillin;Cefoperazone-Sulbactam;Co-trimoxazole;Gentamicin;Meropenem;Nitrofurentoin;Piperacillin,9.98,14.59,54.0,28.0,0.8,,16.0,32.5,0.5,3+,0.0
56.0,Female,Nephrology,"fever, flank pain, nausea and vomiting","htn, dm","shorter urethra, htn, dm",nil,nil,pyelonephritis AKI pulmonary edema iron defeciency anaemia,Complicated UTI,Pyelonephritis,Lower urinary tract,Urine,Escherichia coli,Gram Negative,Amoxicillin-Clavulanate;Cefatoxine;Cefoperazone-Sulbactam;Ciprofloxacin;Nalidixic Acid;Piperacillin-Tazobactam,Amoxicillin-Clavulanate,Amikacin;Fosfomycin;Meropenem;Nitrofurintoine,14.3,8.32,88.0,,24.0,,78.0,,,Negative,
74.0,Male,Nephrology,"urinary incontnenece,itching over the body,generalised weakness,burning micturation",nil,age and kidney disease,nil,nil,obstructive uropathy with urosepsis with nephritic syndrome,Complicated UTI,Cystitis,Lower urinary tract,Urine,Escherichia coli,Gram Negative,Amoxicillin-Clavulanate;Aztreonam;Ceficime;Cefoperazone-Sulbactam;Ceftazidime;Levofloxacin;Meropenem;Ofloxacin;Piperacillin-Tazobactam;Tetracycline,,Co-trimoxazole;Fosfomycin;Gentamicin;Nityofuran;Trigecycline,12.0,12900.0,64.0,7.3,1.59,3.9,16.0,,,Negative,
70.0,Female,Nephrology,"SOB,vomitings,loss of appetite",htn dm,"tachycardia,age",nil,nil,AKI with HTN with UTI,Complicated UTI,Cystitis,Lower urinary tract,Urine,Klebsiella pneumoniae,Gram Negative,Amoxicillin-Clavulanate;Cefixime;Cefoperazone-Sulbactam;Ceftazidime;Meropenem;Nitrofurantoin;Piperacillin;Tetracycline,Cefoperazone-Sulbactam,Amikacin;Aztreinam;Fosfomycin;Gentamicin;Levofloxacin;Ofloxacin;Tigecycline,14.0,8800.0,76.0,22.6,1.27,8.8,69.0,,,Negative,
54.0,Male,Nephrology,"incerased frequency of urine,lower back pain,loss of appetite,high grade fever with chills and rigors",htn dm,,DJ stenting,nil,HTN with Type 2 DM with post PTCA with AKI with DJ stenting,Complicated UTI,Cystitis,Lower urinary tract,Urine,Proteus vulgaris,Gram Negative,Amikacin;Amoxicillin-Clavulanate;Aztreonam;Cefixime;Cefoperazone-Sulbactum;Ceftazidime;Clavilanic Acid;Co-trimoxazole;Gentamicin;Levofloxacin;Meropenem;Ofloxacin;Piperacillin;Tetracycloine;Tigecycline,Ceftraoxine,Fosfomycin,5.0,5300.0,78.0,83.2,4.44,7.0,128.0,,,Negative,
32.0,Male,General Medicine,Fever with burning sensation during urination,Hypertension,nil,nil,nil,Urethritis,Complicated UTI,Cystitis,Lower urinary tract,Urine,Enterococcus faecalis,Gram Positive,Azithromycin;Ceftriaxone;Cefuroxime;Ciprofloxacin;Gentamicin;Nitrofurantoin;Piperacillin-Tazobactam,Fosfomycin,Amikacin;Cefixime;Co-trimoxazole;Fosfomycin;Levofloxacin;Meropenem,44.2,19255.0,66.4,59.9,0.67,6.3,32.9,62.0,6.0,4+,7.0
44.0,Female,General Medicine,"Fever, chills, and flank pain","COPD, DM",Diabetes,Cesarean Section,"smoking,alcohol",Cystitis,Recurrent UTI,Cystitis,Lower urinary tract,Urine,Enterobacter cloacae,Gram Negative,Amoxicillin-Clavulanate;Ceftazidime;Imipenem;Nitrofurantoin;Piperacillin-Tazobactam,Amikacin,Amikacin;Azithromycin;Ceftriaxone;Cefuroxime;Meropenem,25.9,17410.0,68.3,149.6,2.74,3.8,59.0,71.5,3.5,3+,10.0
32.0,Female,General Medicine,Burning micturition for 3 days,"COPD, Chronic Kidney Disease",Urinary tract obstruction,TURP,"smoking,alcohol",Cystitis,Complicated UTI,Cystitis,Lower urinary tract,Urine,Escherichia coli,Gram Negative,Co-trimoxazole;Imipenem;Piperacillin-Tazobactam,Azithromycin,Ceftriaxone;Fosfomycin;Levofloxacin,41.2,17785.0,55.6,66.4,0.85,7.9,42.4,56.0,5.5,4+,2.0
25.0,Male,Nephrology,Frequent urination and urgency for 2 days,Neurogenic Bladder,"Poor hygiene, Immunocompromised state, Sexual activity, Diabetes",Hysterectomy,"smoking,alcohol",Cystitis,Uncomplicated UTI,Cystitis,Lower urinary tract,Urine,Enterobacter cloacae,Gram Negative,Azithromycin;Ceftazidime;Cefuroxime;Doxycycline;Levofloxacin;Meropenem,Amoxicillin-Clavulanate,Amoxicillin-Clavulanate;Gentamicin;Nitrofurantoin,28.3,12075.0,81.9,129.9,1.23,2.7,47.8,53.0,8.0,3+,11.0
80.0,Male,Nephrology,Burning micturition for 3 days,None,"Indwelling catheter, Recent antibiotic use, Menopause",Hernia Repair,smoking,Urethritis,Uncomplicated UTI,Cystitis,Lower urinary tract,Urine,Enterococcus faecalis,Gram Positive,Ceftazidime;Cefuroxime;Ciprofloxacin;Co-trimoxazole;Gentamicin;Piperacillin-Tazobactam,Amikacin;Amoxicillin-Clavulanate,Azithromycin;Fosfomycin;Meropenem,24.5,16891.0,57.0,114.0,1.18,2.7,57.2,70.0,6.5,3+,11.0
85.0,Male,Nephrology,"Fever, chills, and flank pain",None,"Urinary retention, Recent hospitalization",Appendectomy,"smoking,alcohol",Urethritis,Complicated UTI,Cystitis,Lower urinary tract,Urine,Acinetobacter baumannii,Gram Negative,Azithromycin;Ceftriaxone;Cefuroxime;Ciprofloxacin;Doxycycline,Ciprofloxacin,Amikacin;Amoxicillin-Clavulanate;Fosfomycin,15.3,15468.0,62.1,15.9,1.24,5.8,53.3,66.0,5.0,3+,19.0
37.0,Male,General Medicine,Burning micturition for 3 days,Urolithiasis,"Urinary tract obstruction, Poor hygiene, Urinary retention, Sexual activity",Appendectomy,"smoking,alcohol",Urethritis,Complicated UTI,Cystitis,Lower urinary tract,Urine,Pseudomonas aeruginosa,Gram Negative,Ciprofloxacin;Co-trimoxazole;Gentamicin;Meropenem,Ciprofloxacin;Levofloxacin;Meropenem,Amikacin;Amoxicillin-Clavulanate;Azithromycin;Doxycycline;Nitrofurantoin;Piperacillin-Tazobactam,38.6,14451.0,58.8,68.3,0.62,7.4,67.4,60.0,7.5,3+,23.0
56.0,Female,General Surgery,Flank pain with fever for 2 days,"COPD, Chronic Kidney Disease","Kidney stones, Urinary tract obstruction",Cesarean Section,nil,Cystitis,Complicated UTI,Cystitis,Lower urinary tract,Urine,Enterobacter cloacae,Gram Negative,Amikacin;Azithromycin;Ceftazidime;Co-trimoxazole;Doxycycline;Gentamicin;Meropenem,Gentamicin;Nitrofurantoin,Amoxicillin-Clavulanate;Cefixime;Imipenem;Levofloxacin;Nitrofurantoin;Piperacillin-Tazobactam,40.5,8044.0,64.0,15.6,1.59,6.7,25.1,49.5,7.0,4+,9.0
35.0,Female,General Medicine,Nocturia and incomplete voiding,"Pregnancy, Coronary Artery Disease","Immunocompromised state, Diabetes, Sexual activity, Urinary tract obstruction",Hernia Repair,alcohol,Chronic Pyelonephritis - Ureter,Recurrent UTI,Pyelonephritis,Upper urinary tract,Urine,Citrobacter freundii,Gram Negative,Ceftriaxone;Gentamicin;Piperacillin-Tazobactam,Fosfomycin,Amoxicillin-Clavulanate;Cefuroxime;Imipenem;Levofloxacin;Nitrofurantoin,27.6,5156.0,53.3,136.2,1.58,8.2,21.0,59.5,7.0,3+,2.0
69.0,Male,Geriatrics,Hematuria with burning micturition,None,"Menopause, Recent antibiotic use, Indwelling catheter, Recent hospitalization",Ureteral stent placement,nil,Urethritis,Complicated UTI,Cystitis,Lower urinary tract,Urine,Staphylococcus saprophyticus,Gram Positive,Cefixime;Ceftazidime;Fosfomycin;Meropenem,Co-trimoxazole;Imipenem;Levofloxacin,Amikacin;Ceftriaxone;Ciprofloxacin;Doxycycline;Gentamicin;Levofloxacin,15.6,18062.0,53.0,27.1,3.06,3.1,54.2,58.0,6.0,3+,23.0
43.0,Male,General Medicine,Painful urination for 4 days,"Hypothyroidism, Coronary Artery Disease",Menopause,None,nil,Cystitis,Recurrent UTI,Cystitis,Lower urinary tract,Urine,Enterobacter cloacae,Gram Negative,Cefixime;Cefuroxime;Co-trimoxazole;Gentamicin;Imipenem;Meropenem,Amoxicillin-Clavulanate;Azithromycin;Ceftazidime,Amoxicillin-Clavulanate;Ceftazidime;Nitrofurantoin;Piperacillin-Tazobactam,28.9,19331.0,54.8,93.5,2.72,7.3,49.9,59.0,3.0,3+,19.0
78.0,Female,General Medicine,Urinary urgency and frequency for 5 days,Immunosuppression,"Urinary retention, Urinary tract obstruction",Renal transplant,nil,Acute Pyelonephritis - Left Kidney,Complicated UTI,Pyelonephritis,Upper urinary tract,Urine,Morganella morganii,Gram Negative,Amikacin;Ceftriaxone;Co-trimoxazole;Imipenem;Levofloxacin;Piperacillin-Tazobactam,Amoxicillin-Clavulanate,Cefixime;Ceftazidime;Meropenem;Nitrofurantoin,20.8,17043.0,49.0,38.0,1.7,8.3,50.9,46.5,5.0,3+,3.0
32.0,Male,General Medicine,Nocturia and incomplete voiding,None,"Sexual activity, Menopause",TURP,alcohol,Chronic Pyelonephritis - Bilateral Kidneys,Complicated UTI,Pyelonephritis,Upper urinary tract,Urine,Enterobacter cloacae,Gram Negative,Amoxicillin-Clavulanate;Azithromycin;Ceftazidime;Ceftriaxone;Cefuroxime;Piperacillin-Tazobactam,Amikacin;Amoxicillin-Clavulanate;Meropenem,Co-trimoxazole;Fosfomycin;Levofloxacin,32.8,6827.0,63.0,47.2,2.39,7.5,71.0,59.0,4.5,3+,25.0
74.0,Male,Nephrology,Flank pain with fever for 2 days,"COPD, Hypothyroidism","Diabetes, Recent hospitalization, Menopause, Indwelling catheter",Cesarean Section,alcohol,Urethritis,Uncomplicated UTI,Cystitis,Lower urinary tract,Urine,Pseudomonas aeruginosa,Gram Negative,Amikacin;Cefixime;Ceftazidime;Ceftriaxone;Gentamicin;Levofloxacin;Meropenem,Cefuroxime;Imipenem,Cefuroxime;Ciprofloxacin;Doxycycline;Fosfomycin,43.4,16062.0,56.5,123.0,2.64,6.0,18.0,64.5,5.0,4+,26.0
52.0,Male,Nephrology,Suprapubic pain and dysuria,None,Urinary tract obstruction,Renal transplant,nil,Cystitis,Complicated UTI,Cystitis,Lower urinary tract,Urine,Enterococcus faecalis,Gram Negative,Ceftazidime;Co-trimoxazole;Meropenem,Amikacin;Azithromycin;Cefuroxime,Amikacin;Cefixime;Cefuroxime;Piperacillin-Tazobactam,41.4,8387.0,65.3,130.3,1.44,3.9,20.2,52.0,4.5,4+,19.0
76.0,Female,General Surgery,Flank pain with fever for 2 days,Immunosuppression,Vesicoureteral reflux,Hernia Repair,alcohol,Chronic Pyelonephritis - Bladder,Complicated UTI,Pyelonephritis,Upper urinary tract,Urine,Candida albicans,Fungi,Amikacin;Ceftazidime;Co-trimoxazole;Gentamicin;Levofloxacin,Ceftriaxone;Gentamicin;Nitrofurantoin,Ceftriaxone;Doxycycline;Meropenem,31.0,15219.0,72.0,143.4,0.89,3.9,33.1,32.0,5.0,3+,12.0
63.0,Female,General Medicine,Hematuria with burning micturition,"Coronary Artery Disease, Chronic Kidney Disease, Hypothyroidism","Recent hospitalization, Menopause",Cesarean Section,nil,Urethritis,Complicated UTI,Cystitis,Lower urinary tract,Urine,Pseudomonas aeruginosa,Gram Negative,Ceftazidime;Meropenem;Piperacillin-Tazobactam,Amikacin;Cefuroxime,Cefixime;Gentamicin;Imipenem;Levofloxacin,32.2,7586.0,67.9,148.9,1.66,6.3,39.1,58.0,5.0,3+,23.0
35.0,Male,General Surgery,Suprapubic pain and dysuria,None,"Recent antibiotic use, Sexual activity, Recent hospitalization",TURP,nil,Urethritis,Complicated UTI,Cystitis,Lower urinary tract,Urine,Streptococcus agalactiae,Gram Positive,Amikacin;Cefixime;Ceftazidime;Cefuroxime;Gentamicin,Gentamicin,Amoxicillin-Clavulanate;Doxycycline;Fosfomycin;Levofloxacin;Meropenem,35.2,10584.0,63.2,102.5,1.37,3.8,75.9,38.0,8.5,3+,3.0
81.0,Male,Nephrology,Lower abdominal pain with dysuria,"Pregnancy, Urolithiasis, COPD","Menopause, Sexual activity, Kidney stones, Recent hospitalization",Hernia Repair,"smoking,alcohol",Urethritis,Recurrent UTI,Cystitis,Lower urinary tract,Urine,Staphylococcus saprophyticus,Gram Positive,Ciprofloxacin;Doxycycline;Imipenem,Ciprofloxacin;Fosfomycin;Levofloxacin,Amikacin;Cefixime;Ceftazidime;Ceftriaxone;Cefuroxime;Nitrofurantoin,32.6,21799.0,67.2,122.9,2.37,6.4,26.1,56.5,8.5,3+,12.0
51.0,Male,General Surgery,Frequent urination and urgency for 2 days,None,"Diabetes, Vesicoureteral reflux, Immunocompromised state, Recent hospitalization",Hernia Repair,nil,Acute Pyelonephritis - Left Kidney,Complicated UTI,Pyelonephritis,Upper urinary tract,Urine,Citrobacter freundii,Gram Negative,Ceftazidime;Cefuroxime;Co-trimoxazole;Gentamicin;Imipenem;Levofloxacin,Ceftriaxone,Amikacin;Azithromycin;Ceftriaxone,28.6,15395.0,66.2,92.8,1.07,6.9,39.7,54.0,5.5,3+,12.0
65.0,Male,Geriatrics,Frequent urination and urgency for 2 days,None,Kidney stones,Appendectomy,"smoking,alcohol",Acute Pyelonephritis - Ureter,Uncomplicated UTI,Pyelonephritis,Upper urinary tract,Urine,Staphylococcus saprophyticus,Gram Positive,Azithromycin;Cefixime;Ceftriaxone;Doxycycline;Levofloxacin;Piperacillin-Tazobactam,Co-trimoxazole;Imipenem,Amoxicillin-Clavulanate;Co-trimoxazole;Imipenem;Nitrofurantoin,35.2,8071.0,69.9,85.7,2.46,8.4,51.2,56.5,9.0,3+,18.0
71.0,Female,Nephrology,Urinary urgency and frequency for 5 days,"Coronary Artery Disease, Hypothyroidism",Indwelling catheter,Cholecystectomy,nil,Acute Pyelonephritis - Left Kidney,Uncomplicated UTI,Pyelonephritis,Upper urinary tract,Urine,Candida albicans,Gram Negative,Amikacin;Azithromycin;Cefuroxime;Co-trimoxazole;Fosfomycin;Levofloxacin,Co-trimoxazole;Levofloxacin;Piperacillin-Tazobactam,Amoxicillin-Clavulanate;Imipenem;Meropenem;Nitrofurantoin;Piperacillin-Tazobactam,23.7,4986.0,75.6,22.4,3.04,6.6,65.4,61.0,4.0,3+,24.0
55.0,Male,Nephrology,Lower abdominal pain with dysuria,"Urolithiasis, Hypertension, Immunosuppression",Poor hygiene,Cesarean Section,nil,Acute Pyelonephritis - Urethra,Recurrent UTI,Pyelonephritis,Upper urinary tract,Urine,Klebsiella pneumoniae,Gram Negative,Amoxicillin-Clavulanate;Cefixime;Ceftazidime;Cefuroxime;Co-trimoxazole;Fosfomycin;Meropenem,Cefixime,Ceftriaxone;Imipenem;Levofloxacin;Nitrofurantoin,28.5,7189.0,75.4,139.0,0.69,3.9,35.5,54.5,6.0,3+,16.0
65.0,Female,General Medicine,Nocturia and incomplete voiding,"Pregnancy, Coronary Artery Disease, COPD",Diabetes,Renal transplant,nil,Urethritis,Complicated UTI,Cystitis,Lower urinary tract,Urine,Staphylococcus saprophyticus,Gram Negative,Cefixime;Ciprofloxacin;Doxycycline,Cefixime;Doxycycline;Imipenem,Ceftazidime;Cefuroxime;Meropenem;Piperacillin-Tazobactam,17.0,11358.0,70.9,18.7,1.21,4.1,76.3,57.5,6.0,3+,14.0
34.0,Male,General Medicine,Cloudy urine with foul smell,None,"Urinary retention, Sexual activity, Poor hygiene",Nephrolithotomy,alcohol,Urethritis,Complicated UTI,Cystitis,Lower urinary tract,Urine,Streptococcus agalactiae,Gram Positive,Cefixime;Doxycycline;Fosfomycin;Levofloxacin;Meropenem;Nitrofurantoin;Piperacillin-Tazobactam,Ceftazidime,Amikacin;Azithromycin;Ceftazidime;Ceftriaxone;Gentamicin;Imipenem,38.5,10557.0,75.1,38.9,1.51,7.8,57.6,40.0,2.0,3+,22.0
31.0,Male,Nephrology,Urinary urgency and frequency for 5 days,"COPD, Chronic Kidney Disease, Immunosuppression",Poor hygiene,Hernia Repair,nil,Chronic Pyelonephritis - Bilateral Kidneys,Uncomplicated UTI,Pyelonephritis,Upper urinary tract,Urine,Enterobacter cloacae,Gram Negative,Ciprofloxacin;Gentamicin;Imipenem,Levofloxacin,Amoxicillin-Clavulanate;Ceftazidime;Cefuroxime;Co-trimoxazole;Nitrofurantoin,17.4,16529.0,45.2,42.1,3.25,4.9,44.8,66.5,9.0,3+,2.0
48.0,Male,Nephrology,Nocturia and incomplete voiding,"Benign Prostatic Hyperplasia, Coronary Artery Disease","Sexual activity, Urinary tract obstruction, Recent hospitalization, Immunocompromised state",Nephrolithotomy,nil,Cystitis,Complicated UTI,Cystitis,Lower urinary tract,Urine,Pseudomonas aeruginosa,Gram Negative,Cefixime;Imipenem;Nitrofurantoin,Ceftriaxone;Ciprofloxacin;Meropenem,Azithromycin;Ceftazidime;Cefuroxime;Levofloxacin,29.4,10094.0,84.2,31.4,1.32,4.1,51.5,50.5,5.0,3+,29.0
60.0,Female,Obstetrics & Gynecology,Flank pain with fever for 2 days,"Immunosuppression, Urolithiasis, Chronic Kidney Disease","Recent antibiotic use, Diabetes, Vesicoureteral reflux, Immunocompromised state",TURP,nil,Urethritis,Complicated UTI,Cystitis,Lower urinary tract,Urine,Klebsiella pneumoniae,Gram Negative,Ceftriaxone;Meropenem;Piperacillin-Tazobactam,Imipenem;Levofloxacin,Amikacin;Amoxicillin-Clavulanate;Ceftazidime;Fosfomycin;Gentamicin;Nitrofurantoin,25.9,8942.0,70.5,121.2,2.3,4.1,73.4,56.0,9.0,3+,13.0
35.0,Female,General Medicine,Urinary urgency and frequency for 5 days,Hypertension,Recent antibiotic use,Cholecystectomy,alcohol,Acute Pyelonephritis - Right Kidney,Uncomplicated UTI,Pyelonephritis,Upper urinary tract,Urine,Candida albicans,Fungi,Amoxicillin-Clavulanate;Azithromycin;Ceftazidime;Levofloxacin;Nitrofurantoin,Piperacillin-Tazobactam,Amikacin;Ceftriaxone;Cefuroxime;Co-trimoxazole;Imipenem;Meropenem,18.6,16813.0,65.4,34.1,1.24,4.9,79.8,44.5,4.0,3+,22.0
77.0,Female,Nephrology,Nocturia and incomplete voiding,Chronic Kidney Disease,"Immunocompromised state, Indwelling catheter, Recent hospitalization, Recent antibiotic use",Cholecystectomy,nil,Urethritis,Recurrent UTI,Cystitis,Lower urinary tract,Urine,Pseudomonas aeruginosa,Gram Negative,Amikacin;Azithromycin;Ceftriaxone;Meropenem,Cefixime;Ceftriaxone;Meropenem,Cefuroxime;Imipenem;Nitrofurantoin,43.5,10077.0,48.2,116.8,0.86,5.6,18.1,49.5,7.0,4+,15.0
44.0,Female,Nephrology,Painful urination for 4 days,"Urolithiasis, Immunosuppression","Vesicoureteral reflux, Immunocompromised state",Prostatectomy,alcohol,Cystitis,Complicated UTI,Cystitis,Lower urinary tract,Urine,Proteus mirabilis,Gram Positive,Amoxicillin-Clavulanate;Levofloxacin;Piperacillin-Tazobactam,Azithromycin,Ceftazidime;Ceftriaxone;Co-trimoxazole;Doxycycline;Fosfomycin;Gentamicin,44.0,12978.0,65.2,36.2,2.42,3.2,66.5,44.0,8.5,4+,3.0
42.0,Female,Obstetrics & Gynecology,Flank pain with fever for 2 days,"COPD, Neurogenic Bladder, Hypertension","Recent hospitalization, Kidney stones",Nephrolithotomy,alcohol,Urethritis,Complicated UTI,Cystitis,Lower urinary tract,Urine,Escherichia coli,Gram Negative,Ceftriaxone;Imipenem;Levofloxacin,Cefixime;Ceftriaxone;Doxycycline,Azithromycin;Co-trimoxazole;Doxycycline;Meropenem;Piperacillin-Tazobactam,39.8,6925.0,58.5,82.2,0.78,5.0,39.8,50.5,8.5,3+,17.0
66.0,Male,General Medicine,Nocturia and incomplete voiding,None,"Indwelling catheter, Diabetes",Nephrolithotomy,nil,Chronic Pyelonephritis - Bilateral Kidneys,Complicated UTI,Pyelonephritis,Upper urinary tract,Urine,Morganella morganii,Gram Negative,Amikacin;Amoxicillin-Clavulanate;Ceftriaxone,Ceftazidime,Cefuroxime;Gentamicin;Imipenem;Meropenem;Piperacillin-Tazobactam,22.9,13833.0,77.1,75.2,2.13,8.5,78.1,54.0,5.0,3+,26.0
23.0,Female,General Medicine,Suprapubic pain and dysuria,"Pregnancy, Benign Prostatic Hyperplasia","Immunocompromised state, Urinary retention",Prostatectomy,nil,Urethritis,Complicated UTI,Cystitis,Lower urinary tract,Urine,Streptococcus agalactiae,Gram Positive,Amoxicillin-Clavulanate;Azithromycin;Gentamicin;Levofloxacin,Cefixime;Cefuroxime;Meropenem,Ceftazidime;Ciprofloxacin;Co-trimoxazole;Meropenem;Nitrofurantoin,38.1,15710.0,47.4,99.6,0.63,7.7,61.8,58.0,7.0,3+,21.0
54.0,Female,Geriatrics,Suprapubic pain and dysuria,COPD,"Urinary retention, Poor hygiene, Recent hospitalization, Vesicoureteral reflux",Cholecystectomy,nil,Cystitis,Complicated UTI,Cystitis,Lower urinary tract,Urine,Candida albicans,Fungi,Amoxicillin-Clavulanate;Cefixime;Cefuroxime;Fosfomycin,Azithromycin,Amikacin;Ceftazidime;Doxycycline;Levofloxacin;Nitrofurantoin,32.5,4123.0,58.2,88.1,2.16,6.6,32.3,41.5,9.0,3+,17.0
65.0,Female,General Medicine,Hematuria with burning micturition,Benign Prostatic Hyperplasia,Immunocompromised state,Hernia Repair,nil,Cystitis,Uncomplicated UTI,Cystitis,Lower urinary tract,Urine,Streptococcus agalactiae,Gram Positive,Amikacin;Cefixime;Cefuroxime;Meropenem,Ceftazidime;Gentamicin;Levofloxacin,Ceftazidime;Co-trimoxazole;Doxycycline;Fosfomycin;Levofloxacin;Piperacillin-Tazobactam,15.7,11478.0,57.3,41.9,0.92,6.3,43.3,54.0,6.5,3+,16.0
28.0,Male,Nephrology,Lower abdominal pain with dysuria,"COPD, Chronic Kidney Disease, Benign Prostatic Hyperplasia",Indwelling catheter,TURP,nil,Urethritis,Complicated UTI,Cystitis,Lower urinary tract,Urine,Proteus mirabilis,Gram Negative,Amoxicillin-Clavulanate;Ciprofloxacin;Co-trimoxazole;Fosfomycin;Meropenem,Ceftazidime;Levofloxacin;Piperacillin-Tazobactam,Azithromycin;Cefixime;Ceftazidime;Doxycycline;Levofloxacin;Nitrofurantoin,38.3,8405.0,75.2,25.3,3.37,5.2,71.9,66.5,7.5,3+,30.0
72.0,Female,Obstetrics & Gynecology,"Fever, chills, and flank pain","COPD, Urolithiasis, Immunosuppression","Sexual activity, Urinary retention, Kidney stones, Recent antibiotic use",Prostatectomy,nil,Acute Pyelonephritis - Ureter,Complicated UTI,Pyelonephritis,Upper urinary tract,Urine,Escherichia coli,Gram Negative,Amikacin;Amoxicillin-Clavulanate;Ceftazidime;Cefuroxime;Co-trimoxazole;Doxycycline;Nitrofurantoin,Amoxicillin-Clavulanate,Azithromycin;Cefixime;Ceftriaxone;Levofloxacin;Piperacillin-Tazobactam,32.6,10789.0,77.2,102.4,2.05,4.1,26.6,51.5,10.0,3+,16.0
63.0,Female,General Medicine,Suprapubic pain and dysuria,"Hypertension, Pregnancy, Urolithiasis","Vesicoureteral reflux, Recent antibiotic use",Cesarean Section,nil,Cystitis,Complicated UTI,Cystitis,Lower urinary tract,Urine,Proteus mirabilis,Gram Negative,Amoxicillin-Clavulanate;Gentamicin;Meropenem;Piperacillin-Tazobactam,Azithromycin;Doxycycline,Cefixime;Ceftazidime;Fosfomycin;Imipenem,41.7,17190.0,52.4,148.6,3.12,8.0,34.4,43.5,4.5,4+,21.0
79.0,Female,General Medicine,Hematuria with burning micturition,"Diabetes Mellitus Type 2, Hypothyroidism, COPD","Immunocompromised state, Urinary retention, Indwelling catheter",Prostatectomy,alcohol,Urethritis,Uncomplicated UTI,Cystitis,Lower urinary tract,Urine,Streptococcus agalactiae,Gram Negative,Amikacin;Amoxicillin-Clavulanate;Fosfomycin;Imipenem;Levofloxacin,Levofloxacin;Nitrofurantoin,Ceftazidime;Ceftriaxone;Cefuroxime;Meropenem;Piperacillin-Tazobactam,30.0,10827.0,51.9,67.9,2.37,6.3,24.9,65.5,5.0,3+,23.0
58.0,Male,Nephrology,Painful urination for 4 days,"Hypertension, Neurogenic Bladder, Chronic Kidney Disease","Menopause, Kidney stones",Ureteral stent placement,alcohol,Cystitis,Complicated UTI,Cystitis,Lower urinary tract,Urine,Klebsiella pneumoniae,Gram Negative,Cefixime;Cefuroxime;Fosfomycin;Gentamicin;Nitrofurantoin;Piperacillin-Tazobactam,Cefuroxime;Fosfomycin,Amikacin;Amoxicillin-Clavulanate;Ceftriaxone;Ciprofloxacin;Imipenem;Levofloxacin,17.5,15892.0,73.5,27.4,2.16,7.1,65.6,65.5,5.0,3+,18.0
21.0,Male,General Surgery,Nocturia and incomplete voiding,"Immunosuppression, Diabetes Mellitus Type 2","Kidney stones, Recent antibiotic use, Recent hospitalization",Prostatectomy,nil,Urethritis,Complicated UTI,Cystitis,Lower urinary tract,Urine,Pseudomonas aeruginosa,Gram Negative,Amoxicillin-Clavulanate;Azithromycin;Ceftriaxone;Cefuroxime;Doxycycline;Nitrofurantoin,Amoxicillin-Clavulanate;Azithromycin;Gentamicin,Amikacin;Fosfomycin;Gentamicin;Levofloxacin;Meropenem,24.9,9484.0,77.2,53.5,0.6,5.7,36.1,51.5,9.0,3+,13.0
43.0,Male,General Medicine,Painful urination for 4 days,"Benign Prostatic Hyperplasia, Pregnancy, Neurogenic Bladder",Kidney stones,Ureteral stent placement,alcohol,Urethritis,Recurrent UTI,Cystitis,Lower urinary tract,Urine,Enterobacter cloacae,Gram Negative,Amoxicillin-Clavulanate;Azithromycin;Ceftazidime;Gentamicin;Nitrofurantoin;Piperacillin-Tazobactam,Cefixime;Imipenem;Meropenem,Amikacin;Cefuroxime;Ciprofloxacin;Fosfomycin;Imipenem;Levofloxacin,38.9,14138.0,58.3,20.4,3.29,2.6,72.1,42.5,6.0,3+,15.0
36.0,Female,Nephrology,Fever with burning sensation during urination,"Urolithiasis, Pregnancy, Hypertension","Recent antibiotic use, Diabetes, Vesicoureteral reflux, Recent hospitalization",TURP,nil,Cystitis,Recurrent UTI,Cystitis,Lower urinary tract,Urine,Enterococcus faecalis,Gram Positive,Amikacin;Amoxicillin-Clavulanate;Azithromycin;Cefixime;Co-trimoxazole;Doxycycline;Gentamicin,Ceftazidime,Ceftazidime;Ceftriaxone;Ciprofloxacin;Imipenem;Nitrofurantoin;Piperacillin-Tazobactam,16.9,10999.0,77.3,19.8,1.49,7.5,18.8,59.5,4.5,3+,20.0
35.0,Female,General Medicine,Frequent urination and urgency for 2 days,Urolithiasis,"Immunocompromised state, Kidney stones",Cesarean Section,nil,Chronic Pyelonephritis - Ureter,Complicated UTI,Pyelonephritis,Upper urinary tract,Urine,Proteus mirabilis,Gram Negative,Cefixime;Ceftriaxone;Doxycycline;Gentamicin;Nitrofurantoin;Piperacillin-Tazobactam,Amoxicillin-Clavulanate,Ciprofloxacin;Fosfomycin;Meropenem,29.7,13098.0,78.6,17.0,3.35,7.8,20.6,71.5,5.0,3+,3.0
45.0,Female,General Surgery,Burning micturition for 3 days,"Neurogenic Bladder, Urolithiasis, Hypertension","Recent hospitalization, Poor hygiene, Urinary tract obstruction, Vesicoureteral reflux",Renal transplant,alcohol,Urethritis,Complicated UTI,Cystitis,Lower urinary tract,Urine,Staphylococcus saprophyticus,Gram Negative,Amikacin;Azithromycin;Cefixime;Ceftriaxone;Fosfomycin;Imipenem;Piperacillin-Tazobactam,Amikacin,Ceftazidime;Co-trimoxazole;Levofloxacin;Meropenem;Nitrofurantoin,29.7,8494.0,72.0,88.7,0.8,5.4,64.4,56.0,5.5,3+,16.0
63.0,Male,General Medicine,Flank pain with fever for 2 days,Pregnancy,"Vesicoureteral reflux, Urinary retention, Recent antibiotic use",Prostatectomy,nil,Cystitis,Recurrent UTI,Cystitis,Lower urinary tract,Urine,Citrobacter freundii,Gram Negative,Cefixime;Co-trimoxazole;Gentamicin,Imipenem;Nitrofurantoin,Amoxicillin-Clavulanate;Ceftriaxone;Cefuroxime;Ciprofloxacin;Nitrofurantoin;Piperacillin-Tazobactam,36.0,10693.0,57.2,39.0,0.97,7.1,45.9,45.0,4.0,3+,25.0
58.0,Female,Obstetrics & Gynecology,Lower abdominal pain with dysuria,Hypertension,Menopause,Ureteral stent placement,alcohol,Urethritis,Complicated UTI,Cystitis,Lower urinary tract,Urine,Klebsiella pneumoniae,Gram Negative,Ceftriaxone;Co-trimoxazole;Piperacillin-Tazobactam,Amikacin;Gentamicin;Nitrofurantoin,Amikacin;Amoxicillin-Clavulanate;Cefixime;Doxycycline;Gentamicin;Nitrofurantoin,41.3,16981.0,78.9,34.8,1.37,5.8,71.7,60.5,6.5,4+,15.0
40.0,Female,Nephrology,Nocturia and incomplete voiding,None,Urinary retention,Hysterectomy,nil,Acute Pyelonephritis - Ureter,Complicated UTI,Pyelonephritis,Upper urinary tract,Urine,Morganella morganii,Gram Negative,Azithromycin;Ceftazidime;Ceftriaxone;Cefuroxime;Levofloxacin;Nitrofurantoin,Imipenem;Nitrofurantoin;Piperacillin-Tazobactam,Amikacin;Cefixime;Imipenem;Piperacillin-Tazobactam,24.3,5042.0,69.4,112.5,1.21,5.0,50.1,55.5,3.5,3+,4.0
27.0,Female,General Medicine,Burning micturition for 3 days,"Coronary Artery Disease, Chronic Kidney Disease, Urolithiasis","Urinary retention, Recent hospitalization",Renal transplant,nil,Cystitis,Complicated UTI,Cystitis,Lower urinary tract,Urine,Escherichia coli,Gram Negative,Ceftazidime;Cefuroxime;Ciprofloxacin;Fosfomycin;Imipenem;Nitrofurantoin,Imipenem;Nitrofurantoin,Amikacin;Azithromycin;Cefixime;Ceftriaxone;Doxycycline;Gentamicin,27.0,16120.0,46.8,132.2,1.18,6.9,35.3,59.5,3.0,3+,30.0
37.0,Male,General Medicine,Hematuria with burning micturition,"Hypothyroidism, Diabetes Mellitus Type 2","Indwelling catheter, Urinary tract obstruction, Kidney stones",TURP,alcohol,Chronic Pyelonephritis - Left Kidney,Complicated UTI,Pyelonephritis,Upper urinary tract,Urine,Morganella morganii,Gram Negative,Amikacin;Ceftazidime;Co-trimoxazole;Levofloxacin;Nitrofurantoin,Fosfomycin,Ceftriaxone;Doxycycline;Fosfomycin;Gentamicin;Imipenem;Piperacillin-Tazobactam,24.5,14221.0,55.4,121.1,2.48,8.5,43.5,47.0,5.5,3+,19.0
75.0,Female,Nephrology,Frequent urination and urgency for 2 days,Hypothyroidism,"Recent antibiotic use, Menopause, Indwelling catheter",Hysterectomy,alcohol,Acute Pyelonephritis - Left Kidney,Complicated UTI,Pyelonephritis,Upper urinary tract,Urine,Pseudomonas aeruginosa,Gram Negative,Amoxicillin-Clavulanate;Cefixime;Cefuroxime;Ciprofloxacin;Gentamicin,Ciprofloxacin,Co-trimoxazole;Doxycycline;Imipenem;Nitrofurantoin,32.5,6353.0,70.8,42.5,0.95,5.6,29.6,62.0,6.0,3+,28.0
81.0,Male,General Medicine,Cloudy urine with foul smell,Chronic Kidney Disease,"Urinary retention, Diabetes, Sexual activity",None,alcohol,Chronic Pyelonephritis - Bladder,Complicated UTI,Pyelonephritis,Upper urinary tract,Urine,Enterobacter cloacae,Gram Negative,Amoxicillin-Clavulanate;Cefuroxime;Fosfomycin;Meropenem,Amikacin;Azithromycin;Imipenem,Ceftazidime;Ciprofloxacin;Gentamicin;Piperacillin-Tazobactam,21.6,20428.0,57.8,134.9,2.31,4.5,30.0,47.0,7.5,3+,7.0
58.0,Female,General Medicine,Painful urination for 4 days,"Coronary Artery Disease, Hypothyroidism","Menopause, Poor hygiene",Hernia Repair,nil,Cystitis,Uncomplicated UTI,Cystitis,Lower urinary tract,Urine,Enterococcus faecalis,Gram Negative,Azithromycin;Ciprofloxacin;Doxycycline,Ciprofloxacin;Levofloxacin,Amoxicillin-Clavulanate;Ceftriaxone;Co-trimoxazole;Fosfomycin;Meropenem,17.2,16685.0,59.6,107.2,0.81,3.8,56.0,52.0,10.0,3+,25.0
34.0,Male,Nephrology,Nocturia and incomplete voiding,"Coronary Artery Disease, Diabetes Mellitus Type 2, Chronic Kidney Disease","Menopause, Poor hygiene, Recent antibiotic use",Appendectomy,nil,Urethritis,Uncomplicated UTI,Cystitis,Lower urinary tract,Urine,Acinetobacter baumannii,Gram Negative,Ceftazidime;Ciprofloxacin;Meropenem,Ciprofloxacin;Co-trimoxazole,Amoxicillin-Clavulanate;Ceftriaxone;Cefuroxime;Doxycycline;Nitrofurantoin,25.5,11888.0,80.3,59.4,3.23,3.9,70.9,47.5,5.5,3+,7.0
29.0,Female,General Medicine,Painful urination for 4 days,None,"Urinary tract obstruction, Sexual activity, Menopause, Kidney stones",Cholecystectomy,nil,Urethritis,Complicated UTI,Cystitis,Lower urinary tract,Urine,Pseudomonas aeruginosa,Gram Negative,Amoxicillin-Clavulanate;Ciprofloxacin;Co-trimoxazole;Gentamicin;Piperacillin-Tazobactam,Amoxicillin-Clavulanate;Azithromycin,Azithromycin;Ceftriaxone;Cefuroxime;Imipenem;Levofloxacin;Meropenem,38.5,7725.0,49.6,73.3,1.29,2.9,58.5,59.0,3.5,3+,24.0
28.0,Female,Geriatrics,Fever with burning sensation during urination,None,"Immunocompromised state, Kidney stones, Recent antibiotic use, Diabetes",Renal transplant,nil,Chronic Pyelonephritis - Ureter,Uncomplicated UTI,Pyelonephritis,Upper urinary tract,Urine,Candida albicans,Fungi,Azithromycin;Ceftazidime;Ceftriaxone;Co-trimoxazole;Fosfomycin;Gentamicin;Nitrofurantoin,Amoxicillin-Clavulanate;Cefuroxime;Doxycycline,Cefixime;Cefuroxime;Ciprofloxacin;Meropenem,26.9,8642.0,60.5,52.3,0.98,3.8,75.8,56.5,5.5,3+,30.0
51.0,Female,General Medicine,Nocturia and incomplete voiding,"Diabetes Mellitus Type 2, Chronic Kidney Disease, Neurogenic Bladder","Sexual activity, Menopause, Urinary tract obstruction, Kidney stones",None,alcohol,Cystitis,Complicated UTI,Cystitis,Lower urinary tract,Urine,Staphylococcus saprophyticus,Gram Negative,Ceftriaxone;Meropenem;Piperacillin-Tazobactam,Ceftriaxone,Amikacin;Ceftazidime;Cefuroxime;Doxycycline;Levofloxacin,28.3,17933.0,48.6,137.4,1.97,5.9,66.0,39.5,5.5,3+,3.0
64.0,Male,ICU,Hematuria with burning micturition,"Hypothyroidism, Hypertension, Diabetes Mellitus Type 2","Vesicoureteral reflux, Diabetes",Renal transplant,alcohol,Acute Pyelonephritis - Right Kidney,Complicated UTI,Pyelonephritis,Upper urinary tract,Urine,Morganella morganii,Gram Negative,Amoxicillin-Clavulanate;Ciprofloxacin;Piperacillin-Tazobactam,Gentamicin,Ceftriaxone;Co-trimoxazole;Fosfomycin,15.3,8844.0,75.7,137.2,1.15,7.3,21.3,66.5,9.5,3+,14.0
18.0,Female,Obstetrics & Gynecology,Urinary urgency and frequency for 5 days,"Hypothyroidism, Hypertension","Recent hospitalization, Vesicoureteral reflux, Urinary retention, Urinary tract obstruction",TURP,alcohol,Urethritis,Complicated UTI,Cystitis,Lower urinary tract,Urine,Staphylococcus saprophyticus,Gram Negative,Azithromycin;Ceftazidime;Ceftriaxone;Ciprofloxacin,Azithromycin;Ceftazidime;Gentamicin,Amikacin;Cefixime;Doxycycline;Gentamicin;Imipenem;Levofloxacin,17.9,13132.0,52.2,23.6,1.83,5.1,45.4,48.5,10.0,3+,17.0
27.0,Female,Nephrology,"Fever, chills, and flank pain","COPD, Neurogenic Bladder, Immunosuppression",Sexual activity,Cholecystectomy,alcohol,Chronic Pyelonephritis - Urethra,Complicated UTI,Pyelonephritis,Upper urinary tract,Urine,Proteus mirabilis,Gram Negative,Azithromycin;Doxycycline;Meropenem,Amikacin;Amoxicillin-Clavulanate,Cefixime;Ciprofloxacin;Fosfomycin;Imipenem,34.0,17761.0,69.6,63.5,2.55,6.9,79.0,44.0,9.0,3+,5.0
57.0,Male,Obstetrics & Gynecology,Urinary urgency and frequency for 5 days,"COPD, Coronary Artery Disease, Hypothyroidism","Kidney stones, Urinary tract obstruction, Sexual activity",Nephrolithotomy,alcohol,Urethritis,Complicated UTI,Cystitis,Lower urinary tract,Urine,Enterococcus faecalis,Gram Negative,Amikacin;Amoxicillin-Clavulanate;Ciprofloxacin;Piperacillin-Tazobactam,Amikacin;Levofloxacin,Ceftazidime;Gentamicin;Levofloxacin;Nitrofurantoin,31.4,15764.0,60.2,73.8,1.77,3.1,37.1,52.0,5.5,3+,21.0
84.0,Male,Obstetrics & Gynecology,Lower abdominal pain with dysuria,None,"Poor hygiene, Diabetes, Vesicoureteral reflux, Recent antibiotic use",None,nil,Chronic Pyelonephritis - Urethra,Complicated UTI,Pyelonephritis,Upper urinary tract,Urine,Klebsiella pneumoniae,Gram Negative,Amikacin;Azithromycin;Gentamicin,Piperacillin-Tazobactam,Ceftriaxone;Ciprofloxacin;Levofloxacin;Nitrofurantoin;Piperacillin-Tazobactam,19.2,11668.0,45.4,98.8,1.32,7.7,27.4,38.0,4.5,3+,24.0
38.0,Male,Nephrology,Nocturia and incomplete voiding,"Chronic Kidney Disease, Coronary Artery Disease, Immunosuppression","Menopause, Indwelling catheter, Sexual activity",Hernia Repair,nil,Cystitis,Complicated UTI,Cystitis,Lower urinary tract,Urine,Staphylococcus saprophyticus,Gram Negative,Doxycycline;Gentamicin;Meropenem,Azithromycin;Gentamicin,Azithromycin;Cefuroxime;Imipenem;Levofloxacin;Piperacillin-Tazobactam,43.0,6676.0,45.5,78.3,1.82,5.2,33.1,62.5,5.0,4+,4.0
58.0,Male,General Medicine,Flank pain with fever for 2 days,"Diabetes Mellitus Type 2, COPD, Coronary Artery Disease",Recent hospitalization,Renal transplant,nil,Acute Pyelonephritis - Right Kidney,Complicated UTI,Pyelonephritis,Upper urinary tract,Urine,Citrobacter freundii,Gram Negative,Azithromycin;Doxycycline;Gentamicin;Imipenem;Levofloxacin,Imipenem;Piperacillin-Tazobactam,Ceftriaxone;Cefuroxime;Ciprofloxacin,37.3,10730.0,77.9,64.3,3.28,4.0,43.8,46.0,4.0,3+,18.0
73.0,Female,General Medicine,Nocturia and incomplete voiding,Chronic Kidney Disease,Kidney stones,Ureteral stent placement,nil,Urethritis,Complicated UTI,Cystitis,Lower urinary tract,Urine,Pseudomonas aeruginosa,Gram Negative,Amoxicillin-Clavulanate;Ceftriaxone;Doxycycline;Fosfomycin;Imipenem;Piperacillin-Tazobactam,Piperacillin-Tazobactam,Azithromycin;Cefuroxime;Co-trimoxazole;Gentamicin;Levofloxacin,24.7,21664.0,72.8,21.7,2.2,7.7,18.3,45.0,9.0,3+,26.0
50.0,Male,Nephrology,Hematuria with burning micturition,None,"Diabetes, Recent hospitalization, Menopause",Ureteral stent placement,nil,Acute Pyelonephritis - Ureter,Complicated UTI,Pyelonephritis,Upper urinary tract,Urine,Enterobacter cloacae,Gram Negative,Ceftriaxone;Ciprofloxacin;Co-trimoxazole;Imipenem;Levofloxacin;Meropenem,Piperacillin-Tazobactam,Azithromycin;Ceftazidime;Doxycycline;Fosfomycin;Gentamicin;Piperacillin-Tazobactam,16.2,21702.0,49.8,45.5,3.02,8.5,78.0,55.0,7.0,3+,12.0
41.0,Male,General Surgery,Hematuria with burning micturition,"Hypertension, Urolithiasis, Benign Prostatic Hyperplasia","Urinary tract obstruction, Vesicoureteral reflux",Nephrolithotomy,alcohol,Chronic Pyelonephritis - Bilateral Kidneys,Complicated UTI,Pyelonephritis,Upper urinary tract,Urine,Acinetobacter baumannii,Gram Negative,Ceftazidime;Doxycycline;Gentamicin;Meropenem;Piperacillin-Tazobactam,Fosfomycin,Amoxicillin-Clavulanate;Cefixime;Cefuroxime;Ciprofloxacin,30.3,17032.0,65.6,75.6,3.06,8.1,25.8,56.0,6.0,3+,23.0
76.0,Female,Nephrology,Burning micturition for 3 days,Neurogenic Bladder,Menopause,Hysterectomy,smoking,Chronic Pyelonephritis - Left Kidney,Complicated UTI,Pyelonephritis,Upper urinary tract,Urine,Enterobacter cloacae,Gram Negative,Ciprofloxacin;Fosfomycin;Nitrofurantoin,Co-trimoxazole;Fosfomycin;Piperacillin-Tazobactam,Ceftazidime;Co-trimoxazole;Gentamicin,15.9,14918.0,77.9,27.7,1.22,5.4,41.1,67.5,5.0,3+,14.0
28.0,Female,Nephrology,Flank pain with fever for 2 days,Chronic Kidney Disease,"Poor hygiene, Menopause",TURP,nil,Cystitis,Complicated UTI,Cystitis,Lower urinary tract,Urine,Streptococcus agalactiae,Gram Negative,Ceftriaxone;Nitrofurantoin;Piperacillin-Tazobactam,Imipenem;Meropenem,Cefixime;Ceftazidime;Fosfomycin,33.5,5801.0,63.0,49.3,1.7,2.9,79.0,60.0,7.0,3+,16.0
80.0,Male,ICU,Urinary urgency and frequency for 5 days,COPD,"Urinary retention, Urinary tract obstruction",Appendectomy,nil,Cystitis,Complicated UTI,Cystitis,Lower urinary tract,Urine,Enterococcus faecalis,Gram Negative,Amikacin;Azithromycin;Meropenem,Ceftriaxone;Gentamicin;Piperacillin-Tazobactam,Amoxicillin-Clavulanate;Cefixime;Co-trimoxazole;Imipenem,35.5,10550.0,84.3,114.8,2.87,4.1,44.6,52.5,5.5,3+,8.0
67.0,Female,Geriatrics,"Fever, chills, and flank pain","Hypertension, COPD","Recent antibiotic use, Urinary retention, Menopause",Prostatectomy,nil,Acute Pyelonephritis - Bilateral Kidneys,Complicated UTI,Pyelonephritis,Upper urinary tract,Urine,Pseudomonas aeruginosa,Gram Negative,Cefixime;Ceftazidime;Cefuroxime;Doxycycline;Fosfomycin;Gentamicin,Nitrofurantoin,Ciprofloxacin;Co-trimoxazole;Imipenem;Levofloxacin;Meropenem;Nitrofurantoin,21.9,7807.0,49.7,122.6,3.38,5.0,79.7,37.0,8.0,3+,10.0
69.0,Male,General Medicine,Fever with burning sensation during urination,"Coronary Artery Disease, Pregnancy, Hypothyroidism","Poor hygiene, Kidney stones",Renal transplant,nil,Acute Pyelonephritis - Urethra,Complicated UTI,Pyelonephritis,Upper urinary tract,Urine,Candida albicans,Fungi,Amoxicillin-Clavulanate;Ceftazidime;Ciprofloxacin;Doxycycline;Gentamicin;Levofloxacin;Nitrofurantoin,Co-trimoxazole,Azithromycin;Cefuroxime;Fosfomycin;Imipenem,17.8,20229.0,75.1,100.6,2.68,5.8,25.1,72.5,7.5,3+,26.0
30.0,Female,General Surgery,Fever with burning sensation during urination,None,"Menopause, Immunocompromised state, Kidney stones",TURP,nil,Cystitis,Uncomplicated UTI,Cystitis,Lower urinary tract,Urine,Acinetobacter baumannii,Gram Positive,Cefixime;Cefuroxime;Levofloxacin;Meropenem,Cefuroxime;Imipenem,Amikacin;Amoxicillin-Clavulanate;Ceftazidime;Fosfomycin,20.4,21852.0,67.3,86.1,3.41,4.3,52.6,47.5,4.5,3+,22.0
36.0,Female,Nephrology,Frequent urination and urgency for 2 days,"Benign Prostatic Hyperplasia, Urolithiasis",Menopause,None,nil,Acute Pyelonephritis - Ureter,Complicated UTI,Pyelonephritis,Upper urinary tract,Urine,Acinetobacter baumannii,Gram Negative,Amikacin;Ceftazidime;Cefuroxime;Ciprofloxacin;Co-trimoxazole;Meropenem,Levofloxacin,Amoxicillin-Clavulanate;Cefixime;Doxycycline;Fosfomycin;Levofloxacin,25.6,8307.0,76.2,62.3,2.77,5.8,18.7,44.0,4.0,3+,15.0
27.0,Female,Obstetrics & Gynecology,Urinary urgency and frequency for 5 days,"Pregnancy, Immunosuppression","Poor hygiene, Vesicoureteral reflux, Diabetes, Menopause",Renal transplant,nil,Cystitis,Recurrent UTI,Cystitis,Lower urinary tract,Urine,Morganella morganii,Gram Negative,Amikacin;Cefixime;Cefuroxime;Meropenem,Fosfomycin;Nitrofurantoin,Azithromycin;Ceftriaxone;Co-trimoxazole,23.1,5369.0,80.8,142.3,2.06,6.0,70.4,65.5,7.0,3+,2.0
79.0,Female,General Medicine,Nocturia and incomplete voiding,"Pregnancy, Chronic Kidney Disease","Kidney stones, Poor hygiene, Menopause",Cholecystectomy,nil,Cystitis,Complicated UTI,Cystitis,Lower urinary tract,Urine,Acinetobacter baumannii,Gram Negative,Amikacin;Ceftazidime;Co-trimoxazole;Imipenem,Cefixime;Co-trimoxazole;Meropenem,Amoxicillin-Clavulanate;Azithromycin;Ceftriaxone;Cefuroxime;Ciprofloxacin;Gentamicin,20.5,7369.0,58.7,66.5,3.39,3.4,20.2,50.0,8.5,3+,27.0
71.0,Female,Nephrology,Painful urination for 4 days,"Pregnancy, Neurogenic Bladder","Immunocompromised state, Menopause, Indwelling catheter",Cesarean Section,nil,Acute Pyelonephritis - Left Kidney,Complicated UTI,Pyelonephritis,Upper urinary tract,Urine,Morganella morganii,Gram Negative,Amikacin;Cefixime;Cefuroxime;Doxycycline;Imipenem,Amoxicillin-Clavulanate;Cefixime;Fosfomycin,Amoxicillin-Clavulanate;Azithromycin;Ciprofloxacin;Gentamicin;Levofloxacin,33.4,9852.0,48.1,72.2,2.33,3.6,58.9,53.0,2.0,3+,26.0
84.0,Female,General Medicine,Burning micturition for 3 days,Benign Prostatic Hyperplasia,"Recent antibiotic use, Recent hospitalization, Poor hygiene",Cholecystectomy,nil,Chronic Pyelonephritis - Bilateral Kidneys,Uncomplicated UTI,Pyelonephritis,Upper urinary tract,Urine,Enterobacter cloacae,Gram Negative,Ceftriaxone;Co-trimoxazole;Doxycycline;Levofloxacin;Meropenem;Nitrofurantoin;Piperacillin-Tazobactam,Amikacin;Ceftriaxone;Doxycycline,Amikacin;Amoxicillin-Clavulanate;Ceftazidime;Cefuroxime;Gentamicin;Imipenem,41.1,4633.0,63.7,140.6,0.95,3.9,72.9,51.5,9.0,4+,15.0
56.0,Male,Obstetrics & Gynecology,Cloudy urine with foul smell,"Pregnancy, COPD",Recent antibiotic use,Hernia Repair,"smoking,alcohol",Acute Pyelonephritis - Bilateral Kidneys,Complicated UTI,Pyelonephritis,Upper urinary tract,Urine,Streptococcus agalactiae,Gram Negative,Amikacin;Amoxicillin-Clavulanate;Ceftazidime;Cefuroxime;Doxycycline,Cefuroxime,Azithromycin;Co-trimoxazole;Fosfomycin;Gentamicin;Imipenem;Nitrofurantoin,23.5,8312.0,72.4,112.7,2.32,4.0,55.3,39.0,9.5,3+,11.0
74.0,Male,Geriatrics,Burning micturition for 3 days,"Benign Prostatic Hyperplasia, Urolithiasis, Immunosuppression","Diabetes, Vesicoureteral reflux, Recent antibiotic use",None,nil,Cystitis,Complicated UTI,Cystitis,Lower urinary tract,Urine,Streptococcus agalactiae,Gram Negative,Amoxicillin-Clavulanate;Azithromycin;Cefixime;Ceftazidime;Ceftriaxone;Cefuroxime,Gentamicin;Levofloxacin,Co-trimoxazole;Levofloxacin;Piperacillin-Tazobactam,43.8,17236.0,60.6,140.8,2.29,5.0,49.0,44.0,7.5,4+,20.0
49.0,Male,General Medicine,Suprapubic pain and dysuria,Urolithiasis,Poor hygiene,Cholecystectomy,nil,Acute Pyelonephritis - Ureter,Complicated UTI,Pyelonephritis,Upper urinary tract,Urine,Staphylococcus saprophyticus,Gram Negative,Ceftriaxone;Co-trimoxazole;Doxycycline;Gentamicin,Fosfomycin,Amikacin;Cefixime;Cefuroxime;Imipenem;Meropenem,29.7,8513.0,66.7,87.2,1.19,8.1,61.6,36.5,10.0,3+,21.0
48.0,Female,General Medicine,Hematuria with burning micturition,"Benign Prostatic Hyperplasia, COPD, Pregnancy","Menopause, Urinary retention",Nephrolithotomy,"smoking,alcohol",Cystitis,Uncomplicated UTI,Cystitis,Lower urinary tract,Urine,Escherichia coli,Gram Negative,Azithromycin;Co-trimoxazole;Doxycycline;Levofloxacin,Amikacin;Azithromycin;Ciprofloxacin,Amikacin;Fosfomycin;Imipenem,42.9,7973.0,71.2,125.7,1.75,3.9,58.7,50.0,7.0,4+,5.0
67.0,Male,Nephrology,Fever with burning sensation during urination,COPD,"Recent antibiotic use, Recent hospitalization, Menopause, Vesicoureteral reflux",Ureteral stent placement,nil,Urethritis,Complicated UTI,Cystitis,Lower urinary tract,Urine,Staphylococcus saprophyticus,Gram Positive,Cefixime;Ceftazidime;Doxycycline;Imipenem,Amoxicillin-Clavulanate;Azithromycin;Gentamicin,Amoxicillin-Clavulanate;Azithromycin;Cefuroxime;Fosfomycin;Gentamicin,23.5,10480.0,46.4,7.4,1.52,4.3,63.9,46.0,7.5,3+,6.0
49.0,Male,Nephrology,Nocturia and incomplete voiding,"Coronary Artery Disease, Benign Prostatic Hyperplasia, Hypertension","Diabetes, Sexual activity, Recent antibiotic use",Renal transplant,nil,Chronic Pyelonephritis - Bladder,Complicated UTI,Pyelonephritis,Upper urinary tract,Urine,Staphylococcus saprophyticus,Gram Positive,Azithromycin;Cefuroxime;Co-trimoxazole;Doxycycline;Fosfomycin;Imipenem,Doxycycline;Levofloxacin,Ceftazidime;Ciprofloxacin;Gentamicin,44.9,14168.0,71.9,145.8,1.93,2.9,79.9,60.0,6.5,4+,26.0
35.0,Female,Nephrology,Flank pain with fever for 2 days,COPD,"Poor hygiene, Recent hospitalization",TURP,alcohol,Cystitis,Complicated UTI,Cystitis,Lower urinary tract,Urine,Staphylococcus saprophyticus,Gram Positive,Amoxicillin-Clavulanate;Azithromycin;Cefixime;Meropenem;Piperacillin-Tazobactam,Ceftazidime;Ceftriaxone;Gentamicin,Ceftriaxone;Gentamicin;Nitrofurantoin,16.6,7594.0,49.5,142.6,0.81,8.5,28.9,63.0,4.5,3+,21.0
20.0,Female,ICU,Urinary urgency and frequency for 5 days,Diabetes Mellitus Type 2,"Poor hygiene, Menopause, Urinary retention",None,nil,Acute Pyelonephritis - Ureter,Complicated UTI,Pyelonephritis,Upper urinary tract,Urine,Escherichia coli,Gram Negative,Amikacin;Amoxicillin-Clavulanate;Fosfomycin;Gentamicin;Imipenem,Cefixime;Co-trimoxazole;Nitrofurantoin,Cefixime;Ceftazidime;Meropenem,29.7,14092.0,57.2,112.9,3.31,4.1,72.3,64.0,6.5,3+,6.0
66.0,Male,Geriatrics,Lower abdominal pain with dysuria,"Neurogenic Bladder, Coronary Artery Disease, Urolithiasis","Immunocompromised state, Sexual activity, Poor hygiene, Urinary tract obstruction",Renal transplant,nil,Urethritis,Complicated UTI,Cystitis,Lower urinary tract,Urine,Candida albicans,Gram Negative,Amikacin;Ceftazidime;Meropenem;Nitrofurantoin,Ceftazidime;Ciprofloxacin;Meropenem,Amoxicillin-Clavulanate;Co-trimoxazole;Doxycycline,19.6,9460.0,74.5,32.3,1.67,7.8,25.3,47.5,2.0,3+,29.0
78.0,Male,ICU,Burning micturition for 3 days,"Diabetes Mellitus Type 2, Neurogenic Bladder, Immunosuppression","Recent antibiotic use, Urinary tract obstruction",Hysterectomy,nil,Chronic Pyelonephritis - Ureter,Complicated UTI,Pyelonephritis,Upper urinary tract,Urine,Enterococcus faecalis,Gram Negative,Amoxicillin-Clavulanate;Cefuroxime;Fosfomycin;Imipenem;Levofloxacin;Piperacillin-Tazobactam,Ceftazidime,Amikacin;Azithromycin;Cefixime;Ceftazidime;Ciprofloxacin,26.6,19800.0,46.6,115.9,2.64,7.5,54.8,56.0,7.5,3+,18.0
35.0,Female,Nephrology,Burning micturition for 3 days,Pregnancy,"Diabetes, Recent hospitalization",TURP,nil,Cystitis,Uncomplicated UTI,Cystitis,Lower urinary tract,Urine,Staphylococcus saprophyticus,Gram Positive,Doxycycline;Fosfomycin;Imipenem,Meropenem,Amikacin;Amoxicillin-Clavulanate;Azithromycin;Ciprofloxacin,38.1,19639.0,57.4,69.7,2.5,8.4,15.5,58.0,3.0,3+,16.0
18.0,Male,General Medicine,"Fever, chills, and flank pain",Diabetes Mellitus Type 2,"Sexual activity, Indwelling catheter",Ureteral stent placement,nil,Acute Pyelonephritis - Right Kidney,Uncomplicated UTI,Pyelonephritis,Upper urinary tract,Urine,Klebsiella pneumoniae,Gram Negative,Cefixime;Ceftazidime;Ceftriaxone;Doxycycline;Meropenem;Piperacillin-Tazobactam,Piperacillin-Tazobactam,Cefuroxime;Ciprofloxacin;Gentamicin;Imipenem,29.1,20156.0,47.6,22.7,1.47,7.4,58.1,55.0,4.5,3+,20.0
34.0,Female,Nephrology,Lower abdominal pain with dysuria,Neurogenic Bladder,"Indwelling catheter, Recent hospitalization",None,nil,Chronic Pyelonephritis - Left Kidney,Complicated UTI,Pyelonephritis,Upper urinary tract,Urine,Staphylococcus saprophyticus,Gram Positive,Amoxicillin-Clavulanate;Ceftriaxone;Ciprofloxacin;Co-trimoxazole;Fosfomycin;Imipenem;Meropenem,Co-trimoxazole,Amikacin;Doxycycline;Piperacillin-Tazobactam,24.9,10145.0,52.0,54.0,0.99,8.1,22.5,55.0,5.0,3+,23.0
26.0,Male,Nephrology,Flank pain with fever for 2 days,Coronary Artery Disease,"Sexual activity, Menopause, Recent hospitalization, Urinary retention",Nephrolithotomy,alcohol,Chronic Pyelonephritis - Urethra,Uncomplicated UTI,Pyelonephritis,Upper urinary tract,Urine,Pseudomonas aeruginosa,Gram Negative,Doxycycline;Levofloxacin;Nitrofurantoin;Piperacillin-Tazobactam,Azithromycin;Ceftazidime;Ciprofloxacin,Azithromycin;Cefixime;Ciprofloxacin;Co-trimoxazole;Meropenem,19.3,7424.0,76.0,131.4,2.2,3.1,32.7,34.5,6.0,3+,18.0
57.0,Male,General Surgery,Fever with burning sensation during urination,"Benign Prostatic Hyperplasia, Hypothyroidism","Urinary retention, Immunocompromised state, Vesicoureteral reflux",Hernia Repair,alcohol,Acute Pyelonephritis - Bladder,Complicated UTI,Pyelonephritis,Upper urinary tract,Urine,Streptococcus agalactiae,Gram Positive,Amikacin;Amoxicillin-Clavulanate;Cefixime;Ceftazidime;Ceftriaxone;Cefuroxime;Co-trimoxazole,Ceftazidime;Meropenem,Ciprofloxacin;Gentamicin;Nitrofurantoin;Piperacillin-Tazobactam,26.8,4522.0,48.4,107.2,2.68,6.1,28.2,48.0,2.0,3+,11.0
77.0,Female,General Surgery,Nocturia and incomplete voiding,"Urolithiasis, Immunosuppression","Recent antibiotic use, Urinary tract obstruction",Nephrolithotomy,nil,Cystitis,Uncomplicated UTI,Cystitis,Lower urinary tract,Urine,Citrobacter freundii,Gram Negative,Azithromycin;Cefixime;Ceftazidime;Doxycycline;Fosfomycin;Piperacillin-Tazobactam,Nitrofurantoin;Piperacillin-Tazobactam,Gentamicin;Imipenem;Levofloxacin;Meropenem,17.0,14630.0,64.3,35.2,1.37,6.3,46.8,50.0,5.5,3+,11.0
31.0,Female,General Medicine,"Fever, chills, and flank pain",None,Poor hygiene,Cholecystectomy,nil,Chronic Pyelonephritis - Bilateral Kidneys,Complicated UTI,Pyelonephritis,Upper urinary tract,Urine,Candida albicans,Fungi,Amoxicillin-Clavulanate;Cefixime;Ceftazidime;Ceftriaxone;Co-trimoxazole;Meropenem;Piperacillin-Tazobactam,Cefuroxime;Doxycycline;Fosfomycin,Amikacin;Ciprofloxacin;Fosfomycin;Imipenem;Levofloxacin,44.4,5123.0,67.4,20.9,3.05,7.9,21.0,55.0,7.5,4+,6.0
34.0,Male,Geriatrics,Burning micturition for 3 days,Pregnancy,"Sexual activity, Recent hospitalization, Recent antibiotic use, Kidney stones",Hernia Repair,alcohol,Chronic Pyelonephritis - Bilateral Kidneys,Complicated UTI,Pyelonephritis,Upper urinary tract,Urine,Staphylococcus saprophyticus,Gram Positive,Cefixime;Cefuroxime;Ciprofloxacin;Piperacillin-Tazobactam,Levofloxacin,Amikacin;Amoxicillin-Clavulanate;Azithromycin;Ceftriaxone;Gentamicin;Imipenem,36.9,16688.0,50.7,147.6,1.4,5.0,15.2,60.0,5.0,3+,18.0
60.0,Female,Geriatrics,Lower abdominal pain with dysuria,None,"Recent antibiotic use, Menopause, Urinary retention",None,alcohol,Acute Pyelonephritis - Ureter,Uncomplicated UTI,Pyelonephritis,Upper urinary tract,Urine,Citrobacter freundii,Gram Negative,Ceftriaxone;Cefuroxime;Nitrofurantoin,Ciprofloxacin;Co-trimoxazole,Amoxicillin-Clavulanate;Co-trimoxazole;Doxycycline;Fosfomycin;Imipenem,22.8,7143.0,77.3,106.6,2.45,7.1,32.0,55.0,7.5,3+,25.0
51.0,Male,Obstetrics & Gynecology,Flank pain with fever for 2 days,"Neurogenic Bladder, Pregnancy, COPD","Kidney stones, Urinary tract obstruction",Cesarean Section,alcohol,Chronic Pyelonephritis - Bladder,Complicated UTI,Pyelonephritis,Upper urinary tract,Urine,Enterobacter cloacae,Gram Negative,Amikacin;Azithromycin;Doxycycline;Levofloxacin;Meropenem,Amikacin;Co-trimoxazole,Amoxicillin-Clavulanate;Cefixime;Cefuroxime;Fosfomycin;Gentamicin,30.6,12300.0,75.8,103.3,2.2,6.9,42.8,50.5,8.0,3+,4.0
45.0,Male,Nephrology,Nocturia and incomplete voiding,Immunosuppression,"Recent hospitalization, Sexual activity",TURP,alcohol,Chronic Pyelonephritis - Right Kidney,Uncomplicated UTI,Pyelonephritis,Upper urinary tract,Urine,Acinetobacter baumannii,Gram Negative,Amikacin;Cefixime;Ceftriaxone;Fosfomycin;Levofloxacin,Amikacin,Doxycycline;Meropenem;Piperacillin-Tazobactam,29.8,11930.0,52.1,25.9,0.82,2.6,72.4,52.5,6.5,3+,14.0
58.0,Male,Nephrology,"elevated renal parameters, SOB on excertion, loss of appetite",old CVA,"age, CVA",nil,nil,A case of old CVA with CKD,Uncomplicated UTI,Cystitis,Lower urinary tract,Urine,Klebsiella pneumoniae,Gram Negative,Amoxicillin-Clavulanate,Tetracycline,Amikacin;Aztreonam;Cefixime;Cefoperazone-Sulbactam;Ceftazidime;Co-trimoxazole;Fosfomycin;Gentamicin;Levofloxacin;Meropenem;Nitrofurantoin;Ofloxacin;Piperacilin-Tazobactum;Tetracycline,20.0,9300.0,67.0,73.5,7.2,3.7,123.0,,,Negative,
69.0,Female,Nephrology,"SOB,pedal edema,fever 10days,oliguric",left DJ stenting,recent hospitilization,nil,nil,A case of type 2 DM with AKI on CKD? Pyelonphritis with anaemia,Complicated UTI,Pyelonephritis,Upper urinary tract,Urine,Klebsiella pneumoniae,Gram Negative,Amikacin;Amoxicillin-Clavulanate;Cefixime;Cefoperazone-Sulbactam;Ceftazidime;Co-trimoxazole;Gentamicin;Levofloxacin;Meropenem;Nitrofurantion;Ofloxacin;Tetracycline,Amikacin;Meropenem;Tetracycline,Fosfomycin;Tigecycline,14.0,9400.0,77.0,79.0,2.2,2.58,39.0,,,Negative,
65.0,Female,Nephrology,"pedal edema,vomitings,elevated renal parameters",nil,nil,nil,nil,A case of non-resolving renal failure with AKI,Complicated UTI,Cystitis,Lower urinary tract,Urine,Escherichia coli,Gram Negative,Aztreonam,Amikacin;Meropenem;Tetracycline,Amikacin;Amoxicillin-Clavulanate;Cefixime;Cefoperazone-Sulbactam;Ceftazidime;Co-trimoxazole;Fosfomycin;Gentamicin;Meropenem;Nitrofurantoin;Tetracycline,12.0,9900.0,80.0,2.26,5.8,99.0,79.6,,,Negative,
69.0,Male,Nephrology,"SOB,chest pain,sweating all over the body","DM,HTN","appendix,past hospitilization",Appendectomy,alcohol,A case of HTN with type 2 DM with nephrogenic pulmonary edema with AKI with COPD with CAD with post PTCA,Complicated UTI,Pyelonephritis,Upper urinary tract,Urine,Coagulase-negative Staphylococcus,Gram Negative,Amoxicillin-Clavulanate,Azithromycin,Azithromycin;Cefoxitin;Clarithromycin;Clindamycin;Doxycycline;Levofloxacin;Linezolid;Nitrofurantoin;Vancomycin,12.0,14200.0,78.0,3.05,7.4,69.0,47.8,2.5,3.0,3+,5.0
58.0,Male,Nephrology,"CKD with haemorrhoid,comiting,generalised weakness, pain over rectum,constipation","haemorrhoid,HTN",urinary tract obstruction,nil,alcohol,A case of CKD/CIN/ESRD on medical management with HTN with UTI,Complicated UTI,Cystitis,Lower urinary tract,Urine,Klebsiella pneumoniae,Gram Negative,Amoxicillin-Clavulanate;Cefixime;Cefoperazone-Sulbactam;Ceftazidime;Meropenem;Nitrofurantoin;Piperacillin;Tetracycline,Cefixime;Cefoperazone-Sulbactam,Amikacin;Aztreinam;Co-trimoxazole;Fosfomycin;Gentamicin;Levofloxacin;Ofloxacin;Tigecycline,16.0,5800.0,71.0,7.48,4.2,166.0,36.4,0.5,2.5,3+,4.0
55.0,Female,Nephrology,"chest pain,pedal edema,fever","HTN,denovo","age,HTN",nil,nil,CKD fluid overload state/ uremic encephalopathy,Complicated UTI,Pyelonephritis,Lower urinary tract,Urine,Staphylococcus aureus,Gram Negative,Azithromycin;Clarithromycin;Fosfomycin;Nitrofurantoin;Vancomycin,Cefixime,Cefatoxicin;Doxycycline;Levofloxacin;Linezolid;Ofloxacin,5.0,9400.0,83.0,4.74,5.9,83.0,68.2,0.5,3.0,3+,3.0
40.0,Male,Nephrology,"terminal hematuria, dysuria, poor stream,",nil,nil,nil,nil,,Complicated UTI,Cystitis,Lower urinary tract,Urine,No Bacterial Growth,Unknown,,,,,,,,,,,,,Negative,
68.0,Female,Nephrology,Urinary urgency and frequency for 5 days,"Chronic Kidney Disease, Immunosuppression, Coronary Artery Disease",Urinary tract obstruction,None,alcohol,Cystitis,Complicated UTI,Cystitis,Lower urinary tract,Urine,Enterococcus faecalis,Gram Positive,Amoxicillin-Clavulanate;Cefixime;Cefuroxime;Doxycycline;Meropenem,Azithromycin;Fosfomycin,Amikacin;Gentamicin;Levofloxacin;Nitrofurantoin;Piperacillin-Tazobactam,29.6,7500.0,74.8,144.7,3.43,4.1,51.0,2.0,2.5,Negative,4.0
58.0,Male,Nephrology,Urinary urgency and frequency for 5 days,Coronary Artery Disease,Poor hygiene,Appendectomy,"somking,alcohol",Chronic Pyelonephritis - Urethra,Complicated UTI,Pyelonephritis,Upper urinary tract,Urine,Pseudomonas aeruginosa,Gram Negative,Amikacin;Cefixime;Ceftazidime;Fosfomycin;Levofloxacin,Cefuroxime;Imipenem;Levofloxacin,Ceftriaxone;Cefuroxime;Imipenem,15.3,8281.0,64.8,120.5,0.97,6.7,71.4,,,Negative,
45.0,Female,Nephrology,Lower abdominal pain with dysuria,None,Recent hospitalization,Hysterectomy,smoking,Acute Pyelonephritis - Bilateral Kidneys,Uncomplicated UTI,Pyelonephritis,Upper urinary tract,Urine,Klebsiella pneumoniae,Gram Negative,Azithromycin;Ceftazidime;Ciprofloxacin;Levofloxacin,Amoxicillin-Clavulanate,Cefixime;Ceftriaxone;Doxycycline;Imipenem;Nitrofurantoin;Piperacillin-Tazobactam,37.1,6661.0,61.0,51.5,3.13,5.4,52.3,1.5,2.0,3+,2.0
44.0,Male,General Surgery,Urinary urgency and frequency for 5 days,Diabetes Mellitus Type 2,"Urinary tract obstruction, Poor hygiene, Recent hospitalization",Ureteral stent placement,"smoking,alcohol",Chronic Pyelonephritis - Left Kidney,Hospital-Acquired UTI,Pyelonephritis,Upper urinary tract,Urine,Pseudomonas aeruginosa,Gram Negative,Amoxicillin-Clavulanate;Ceftazidime;Fosfomycin;Levofloxacin;Meropenem,Imipenem;Levofloxacin;Meropenem,Cefixime;Cefuroxime;Gentamicin;Piperacillin-Tazobactam,25.8,10857.0,52.2,48.6,1.88,5.3,27.0,,,Negative,
32.0,Male,ICU,Hematuria with burning micturition,"Hypertension, Coronary Artery Disease",Urinary retention,TURP,smoking,Urethritis,Uncomplicated UTI,Cystitis,Lower urinary tract,Urine,Acinetobacter baumannii,Gram Negative,Ceftriaxone;Cefuroxime;Fosfomycin;Gentamicin;Meropenem,Levofloxacin,Azithromycin;Ceftazidime;Doxycycline;Imipenem,38.0,16554.0,76.5,67.1,3.33,2.8,46.1,,,Negative,
72.0,Female,Nephrology,Burning micturition for 3 days,"Immunosuppression, Coronary Artery Disease",Poor hygiene,Renal transplant,nil,Urethritis,Recurrent UTI,Cystitis,Lower urinary tract,Urine,Escherichia coli,Gram Negative,Amikacin;Co-trimoxazole;Fosfomycin;Gentamicin;Imipenem;Levofloxacin;Nitrofurantoin,Amikacin;Gentamicin,Ceftazidime;Ceftriaxone;Cefuroxime;Ciprofloxacin;Meropenem,33.9,19924.0,47.1,70.1,1.76,7.4,19.8,,,Negative,
74.0,Female,Geriatrics,Hematuria with burning micturition,None,"Immunocompromised state, Urinary tract obstruction",Renal transplant,nil,Chronic Pyelonephritis - Bilateral Kidneys,Complicated UTI,Pyelonephritis,Upper urinary tract,Urine,Citrobacter freundii,Gram Negative,Amikacin;Ceftazidime;Ceftriaxone;Nitrofurantoin,Amoxicillin-Clavulanate,Amoxicillin-Clavulanate;Azithromycin;Cefixime;Ciprofloxacin;Gentamicin,21.6,17249.0,61.5,141.0,0.76,6.3,24.7,2.0,4.0,3+,3.0
28.0,Female,Nephrology,Lower abdominal pain with dysuria,Hypothyroidism,"Urinary retention, Poor hygiene",Nephrolithotomy,nil,Acute Pyelonephritis - Right Kidney,Recurrent UTI,Pyelonephritis,Upper urinary tract,Urine,Pseudomonas aeruginosa,Gram Negative,Ceftriaxone;Cefuroxime;Fosfomycin,Co-trimoxazole,Cefixime;Ciprofloxacin;Levofloxacin,21.0,19535.0,81.1,97.3,1.48,5.9,79.6,5.0,4.0,4+,3.5
73.0,Female,General Medicine,Flank pain with fever for 2 days,None,Sexual activity,Appendectomy,"smoking,alcohol",Cystitis,Uncomplicated UTI,Cystitis,Lower urinary tract,Urine,Escherichia coli,Gram Negative,Ceftriaxone;Co-trimoxazole;Doxycycline;Imipenem;Levofloxacin;Piperacillin-Tazobactam,Amikacin;Amoxicillin-Clavulanate;Cefuroxime,Amoxicillin-Clavulanate;Azithromycin;Cefixime,25.6,19615.0,69.6,111.8,2.82,3.2,54.4,15.5,12.5,3+,11.0
45.0,Female,ICU,Cloudy urine with foul smell,None,"Urinary retention, Recent antibiotic use",Hysterectomy,"smoking, alcohol",Urethritis,Uncomplicated UTI,Cystitis,Lower urinary tract,Urine,Enterococcus faecalis,Gram Positive,Amikacin;Azithromycin;Ceftazidime;Doxycycline;Nitrofurantoin,Co-trimoxazole,Amoxicillin-Clavulanate;Cefixime;Fosfomycin,37.7,12678.0,69.5,110.3,1.25,7.2,49.0,15.0,13.0,3+,14.5
68.0,Male,Nephrology,Fever with burning sensation during urination,"COPD, Pregnancy",Vesicoureteral reflux,TURP,nil,Cystitis,Uncomplicated UTI,Cystitis,Lower urinary tract,Urine,Enterococcus faecalis,Gram Positive,Amikacin;Amoxicillin-Clavulanate;Azithromycin;Ceftriaxone;Co-trimoxazole;Fosfomycin;Piperacillin-Tazobactam,Meropenem,Cefixime;Ceftazidime;Ciprofloxacin;Gentamicin;Imipenem,18.9,21967.0,58.6,92.3,1.88,5.2,70.9,21.5,18.5,4+,17.5
33.0,Male,General Medicine,Urinary urgency and frequency for 5 days,"Benign Prostatic Hyperplasia, Diabetes Mellitus Type 2, Chronic Kidney Disease","Immunocompromised state, Urinary retention, Kidney stones",None,nil,Urethritis,Recurrent UTI,Cystitis,Lower urinary tract,Urine,Pseudomonas aeruginosa,Gram Negative,Amikacin;Cefixime;Ceftazidime;Levofloxacin;Piperacillin-Tazobactam,Amoxicillin-Clavulanate;Azithromycin;Nitrofurantoin,Amoxicillin-Clavulanate;Cefuroxime;Doxycycline;Gentamicin;Meropenem,44.5,6579.0,53.2,33.1,1.49,8.4,55.4,14.0,12.5,3+,12.5
35.0,Male,ICU,"Fever, chills, and flank pain","Hypertension, Urolithiasis",Sexual activity,Hysterectomy,"smoking,alcohol",Urethritis,Catheter-Associated UTI (CAUTI),Cystitis,Lower urinary tract,Urine,Proteus mirabilis,Gram Negative,Azithromycin;Ceftazidime;Cefuroxime;Ciprofloxacin;Co-trimoxazole;Levofloxacin;Meropenem,Cefixime,Amikacin;Gentamicin;Imipenem,43.4,14088.0,50.5,48.9,2.75,6.2,76.6,,,Negative,
83.0,Male,General Surgery,Nocturia and incomplete voiding,"Hypothyroidism, COPD",Poor hygiene,Cholecystectomy,nil,Chronic Pyelonephritis - Bilateral Kidneys,Uncomplicated UTI,Pyelonephritis,Upper urinary tract,Urine,Klebsiella pneumoniae,Gram Negative,Azithromycin;Cefixime;Ceftazidime;Fosfomycin;Imipenem;Piperacillin-Tazobactam,Amikacin,Co-trimoxazole;Levofloxacin;Meropenem;Nitrofurantoin,34.0,13187.0,66.8,106.6,1.21,3.7,57.9,,,Negative,
84.0,Male,General Medicine,Lower abdominal pain with dysuria,"COPD, Immunosuppression, Pregnancy",Urinary retention,None,"smoking,alcohol",Urethritis,Uncomplicated UTI,Cystitis,Lower urinary tract,Urine,Staphylococcus saprophyticus,Gram Positive,Ciprofloxacin;Co-trimoxazole;Doxycycline;Gentamicin;Imipenem,Doxycycline,Amoxicillin-Clavulanate;Azithromycin;Cefuroxime;Levofloxacin;Meropenem;Piperacillin-Tazobactam,15.6,13349.0,65.3,134.9,1.1,3.4,19.9,,,Negative,
32.0,Male,General Medicine,"Fever, chills, and flank pain","Urolithiasis, Benign Prostatic Hyperplasia","Sexual activity, Kidney stones",Cholecystectomy,"smoking,alcohol",Urethritis,Uncomplicated UTI,Cystitis,Lower urinary tract,Urine,Pseudomonas aeruginosa,Gram Negative,Cefixime;Ceftazidime;Ceftriaxone;Gentamicin;Meropenem,Levofloxacin,Amikacin;Amoxicillin-Clavulanate;Cefuroxime;Doxycycline;Fosfomycin;Nitrofurantoin,18.6,6351.0,80.3,33.1,1.91,2.5,53.6,15.5,14.5,3+,14.0
44.0,Male,General Surgery,Cloudy urine with foul smell,"Neurogenic Bladder, Coronary Artery Disease, Hypertension","Vesicoureteral reflux, Menopause, Urinary tract obstruction, Poor hygiene",Ureteral stent placement,smoking,Chronic Pyelonephritis - Bilateral Kidneys,Hospital-Acquired UTI,Pyelonephritis,Upper urinary tract,Urine,Pseudomonas aeruginosa,Gram Negative,Ceftriaxone;Fosfomycin;Gentamicin,Azithromycin;Ceftazidime,Amikacin;Amoxicillin-Clavulanate;Cefixime;Ceftazidime;Piperacillin-Tazobactam,23.1,14422.0,45.9,130.7,1.27,4.2,61.0,11.5,10.0,3+,8.0
64.0,Male,General Medicine,"Fever, chills, and flank pain","Pregnancy, Immunosuppression","Menopause, Kidney stones",Cesarean Section,alcohol,Acute Pyelonephritis - Urethra,Catheter-Associated UTI (CAUTI),Pyelonephritis,Upper urinary tract,Urine,Streptococcus agalactiae,Gram Positive,Ceftazidime;Ciprofloxacin;Imipenem;Levofloxacin;Nitrofurantoin,Imipenem,Amoxicillin-Clavulanate;Azithromycin;Co-trimoxazole;Fosfomycin;Gentamicin,40.9,8715.0,78.5,110.5,1.92,6.7,59.7,21.0,19.0,3+,18.0
79.0,Male,General Medicine,Lower abdominal pain with dysuria,Neurogenic Bladder,"Vesicoureteral reflux, Sexual activity",Renal transplant,alcohol,Chronic Pyelonephritis - Ureter,Recurrent UTI,Pyelonephritis,Upper urinary tract,Urine,Morganella morganii,Gram Negative,Azithromycin;Cefixime;Ceftriaxone;Cefuroxime;Doxycycline;Meropenem;Nitrofurantoin,Ciprofloxacin;Doxycycline;Gentamicin,Ceftazidime;Ciprofloxacin;Gentamicin;Levofloxacin;Piperacillin-Tazobactam,25.2,5706.0,75.5,64.1,2.88,8.0,55.6,36.0,32.5,4+,29.0
50.0,Male,Nephrology,Suprapubic pain and dysuria,"Diabetes Mellitus Type 2, Urolithiasis","Sexual activity, Immunocompromised state, Recent hospitalization",Nephrolithotomy,alcohol,Chronic Pyelonephritis - Ureter,Recurrent UTI,Pyelonephritis,Upper urinary tract,Urine,Escherichia coli,Gram Negative,Cefixime;Ceftazidime;Cefuroxime;Co-trimoxazole;Fosfomycin;Meropenem,Amikacin;Ceftriaxone;Meropenem,Amikacin;Ceftriaxone;Ciprofloxacin;Doxycycline;Imipenem;Nitrofurantoin,28.5,11852.0,84.7,102.0,3.31,6.5,42.6,11.5,10.0,3+,8.0
33.0,Male,Nephrology,Fever with burning sensation during urination,None,"Menopause, Recent hospitalization, Indwelling catheter, Kidney stones",Hysterectomy,alcohol,Cystitis,Recurrent UTI,Cystitis,Lower urinary tract,Urine,Klebsiella pneumoniae,Gram Negative,Azithromycin;Ceftazidime;Cefuroxime;Co-trimoxazole;Doxycycline;Fosfomycin,Ceftriaxone;Co-trimoxazole,Amikacin;Meropenem;Nitrofurantoin;Piperacillin-Tazobactam,18.7,16816.0,74.9,90.5,2.48,5.8,74.0,36.0,32.5,4+,29.0
32.0,Female,Geriatrics,Painful urination for 4 days,None,"Recent antibiotic use, Recent hospitalization",Prostatectomy,"smoking,alcohol",Urethritis,Complicated UTI,Cystitis,Lower urinary tract,Urine,Acinetobacter baumannii,Gram Negative,Cefixime;Ceftazidime;Ceftriaxone;Levofloxacin;Meropenem,Co-trimoxazole;Fosfomycin,Amikacin;Azithromycin;Fosfomycin;Nitrofurantoin;Piperacillin-Tazobactam,44.7,5406.0,61.0,107.6,0.81,7.5,25.8,,,Negative,
67.0,Female,ICU,Cloudy urine with foul smell,Coronary Artery Disease,"Recent antibiotic use, Immunocompromised state, Poor hygiene, Kidney stones",Ureteral stent placement,alcohol,Urethritis,Recurrent UTI,Cystitis,Lower urinary tract,Urine,Streptococcus agalactiae,Gram Positive,Cefixime;Cefuroxime;Gentamicin,Ceftazidime;Gentamicin;Piperacillin-Tazobactam,Amikacin;Fosfomycin;Piperacillin-Tazobactam,41.6,17856.0,80.6,133.4,2.77,4.3,52.0,11.5,10.0,3+,8.0
55.0,Female,ICU,Urinary urgency and frequency for 5 days,"Diabetes Mellitus Type 2, Hypothyroidism, Benign Prostatic Hyperplasia",Urinary retention,Appendectomy,nil,Cystitis,Complicated UTI,Cystitis,Lower urinary tract,Urine,Enterobacter cloacae,Gram Negative,Amikacin;Amoxicillin-Clavulanate;Ceftazidime;Ceftriaxone;Cefuroxime,Ceftriaxone;Fosfomycin,Azithromycin;Cefixime;Ciprofloxacin;Fosfomycin;Gentamicin;Imipenem,16.7,16685.0,78.2,79.5,0.96,4.2,59.8,21.0,19.0,3+,18.0
25.0,Female,Nephrology,"Fever, chills, and flank pain","Neurogenic Bladder, COPD, Pregnancy","Urinary tract obstruction, Sexual activity, Kidney stones",Nephrolithotomy,nil,Urethritis,Uncomplicated UTI,Cystitis,Lower urinary tract,Urine,Escherichia coli,Gram Negative,Azithromycin;Cefixime;Imipenem,Fosfomycin;Gentamicin;Nitrofurantoin,Amikacin;Ciprofloxacin;Doxycycline;Fosfomycin;Meropenem;Piperacillin-Tazobactam,19.1,4175.0,59.6,143.2,3.33,6.7,47.5,36.0,32.5,4+,29.0
61.0,Male,Geriatrics,Suprapubic pain and dysuria,"Benign Prostatic Hyperplasia, Pregnancy","Urinary tract obstruction, Indwelling catheter, Diabetes, Urinary retention",Nephrolithotomy,nil,Cystitis,Recurrent UTI,Cystitis,Lower urinary tract,Urine,Citrobacter freundii,Gram Negative,Amikacin;Azithromycin;Ceftazidime;Imipenem,Gentamicin;Levofloxacin,Ceftriaxone;Levofloxacin;Nitrofurantoin,17.4,11723.0,57.2,42.5,0.83,5.5,17.6,,,Negative,
66.0,Female,General Medicine,"Fever, chills, and flank pain",None,"Indwelling catheter, Recent antibiotic use, Menopause, Kidney stones",TURP,alcohol,Cystitis,Uncomplicated UTI,Cystitis,Lower urinary tract,Urine,Pseudomonas aeruginosa,Gram Negative,Azithromycin;Ceftazidime;Doxycycline,Azithromycin;Gentamicin;Meropenem,Amoxicillin-Clavulanate;Fosfomycin;Gentamicin;Levofloxacin;Meropenem;Nitrofurantoin,17.2,7886.0,49.0,100.4,1.53,5.1,31.3,11.5,10.0,3+,8.0
35.0,Female,Nephrology,Painful urination for 4 days,None,Sexual activity,Prostatectomy,smoking,Cystitis,Hospital-Acquired UTI,Cystitis,Lower urinary tract,Urine,Enterococcus faecalis,Gram Positive,Amoxicillin-Clavulanate;Azithromycin;Ceftazidime;Ceftriaxone;Fosfomycin;Gentamicin;Nitrofurantoin,Azithromycin,Cefixime;Cefuroxime;Doxycycline,23.0,4477.0,66.9,62.8,3.39,3.0,69.3,21.0,19.0,3+,18.0
58.0,Female,Geriatrics,Burning micturition for 3 days,"Diabetes Mellitus Type 2, Urolithiasis","Recent antibiotic use, Sexual activity, Immunocompromised state",Ureteral stent placement,nil,Urethritis,Complicated UTI,Cystitis,Lower urinary tract,Urine,Escherichia coli,Gram Negative,Amoxicillin-Clavulanate;Azithromycin;Ceftriaxone;Fosfomycin,Ceftazidime,Cefixime;Cefuroxime;Imipenem;Levofloxacin;Nitrofurantoin;Piperacillin-Tazobactam,24.4,19845.0,50.1,97.4,3.36,6.0,80.0,36.0,32.5,4+,29.0
64.0,Female,General Medicine,Fever with burning sensation during urination,Urolithiasis,Sexual activity,None,nil,Urethritis,Hospital-Acquired UTI,Cystitis,Lower urinary tract,Urine,Enterococcus faecalis,Gram Positive,Amikacin;Azithromycin;Ceftazidime;Ciprofloxacin;Imipenem,Imipenem;Meropenem,Doxycycline;Nitrofurantoin;Piperacillin-Tazobactam,16.9,11362.0,80.4,54.7,1.38,6.5,17.6,,,Negative,
66.0,Female,Geriatrics,Lower abdominal pain with dysuria,Neurogenic Bladder,"Recent hospitalization, Poor hygiene",Hysterectomy,nil,Urethritis,Recurrent UTI,Cystitis,Lower urinary tract,Urine,Citrobacter freundii,Gram Negative,Amikacin;Azithromycin;Ceftazidime;Doxycycline;Piperacillin-Tazobactam,Ciprofloxacin,Ceftriaxone;Fosfomycin;Gentamicin;Levofloxacin;Nitrofurantoin,36.5,9172.0,60.9,101.0,1.96,7.0,57.3,23.0,21.5,4+,19.5
49.0,Female,General Medicine,Urinary urgency and frequency for 5 days,"Neurogenic Bladder, Hypothyroidism","Sexual activity, Urinary retention, Poor hygiene, Recent antibiotic use",Nephrolithotomy,alcohol,Chronic Pyelonephritis - Urethra,Hospital-Acquired UTI,Pyelonephritis,Upper urinary tract,Urine,Candida albicans,Fungi,Ceftazidime;Ciprofloxacin;Co-trimoxazole;Fosfomycin;Gentamicin,Amoxicillin-Clavulanate,Amoxicillin-Clavulanate;Cefixime;Meropenem,36.1,17837.0,75.3,76.9,1.13,8.0,53.0,22.5,16.0,3+,18.0
75.0,Female,ICU,Lower abdominal pain with dysuria,"Immunosuppression, COPD, Diabetes Mellitus Type 2","Poor hygiene, Diabetes, Vesicoureteral reflux",Hysterectomy,alcohol,Urethritis,Hospital-Acquired UTI,Cystitis,Lower urinary tract,Urine,Staphylococcus saprophyticus,Gram Positive,Amoxicillin-Clavulanate;Ceftriaxone;Cefuroxime;Ciprofloxacin;Doxycycline;Fosfomycin,Fosfomycin;Levofloxacin;Meropenem,Azithromycin;Cefixime;Co-trimoxazole;Gentamicin;Imipenem;Piperacillin-Tazobactam,36.6,5603.0,76.3,112.0,2.03,6.3,20.9,,,Negative,
29.0,Male,General Medicine,Painful urination for 4 days,"Coronary Artery Disease, Neurogenic Bladder, Benign Prostatic Hyperplasia","Sexual activity, Kidney stones",Hernia Repair,alcohol,Urethritis,Uncomplicated UTI,Cystitis,Lower urinary tract,Urine,Staphylococcus saprophyticus,Gram Positive,Amoxicillin-Clavulanate;Cefixime;Ceftazidime;Ceftriaxone;Cefuroxime,Azithromycin;Cefixime;Gentamicin,Azithromycin;Fosfomycin;Gentamicin,42.7,19633.0,47.0,103.5,1.57,4.6,58.6,21.5,19.0,3+,20.0
38.0,Male,Geriatrics,Nocturia and incomplete voiding,"Immunosuppression, COPD","Vesicoureteral reflux, Diabetes, Urinary tract obstruction",Cholecystectomy,alcohol,Urethritis,Hospital-Acquired UTI,Cystitis,Lower urinary tract,Urine,Proteus mirabilis,Gram Negative,Amikacin;Amoxicillin-Clavulanate;Ceftazidime;Gentamicin,Azithromycin;Ciprofloxacin;Levofloxacin,Levofloxacin;Meropenem;Nitrofurantoin,16.2,18648.0,82.6,148.9,1.56,7.6,60.1,24.0,22.0,4+,19.5
60.0,Male,General Surgery,Flank pain with fever for 2 days,Coronary Artery Disease,"Kidney stones, Urinary retention, Vesicoureteral reflux, Recent antibiotic use",Appendectomy,alcohol,Acute Pyelonephritis - Right Kidney,Hospital-Acquired UTI,Pyelonephritis,Upper urinary tract,Urine,Staphylococcus saprophyticus,Gram Positive,Ceftazidime;Doxycycline;Gentamicin;Imipenem;Meropenem;Nitrofurantoin,Azithromycin;Doxycycline,Ceftriaxone;Cefuroxime;Ciprofloxacin;Fosfomycin;Piperacillin-Tazobactam,19.6,21204.0,58.2,119.3,3.34,4.2,67.9,25.0,21.5,4+,19.0
79.0,Female,ICU,Suprapubic pain and dysuria,"Neurogenic Bladder, Immunosuppression","Menopause, Urinary tract obstruction, Diabetes, Recent antibiotic use",Nephrolithotomy,alcohol,Chronic Pyelonephritis - Right Kidney,Catheter-Associated UTI (CAUTI),Pyelonephritis,Upper urinary tract,Urine,Pseudomonas aeruginosa,Gram Negative,Amikacin;Azithromycin;Co-trimoxazole;Doxycycline;Nitrofurantoin,Cefixime;Doxycycline,Amoxicillin-Clavulanate;Ceftazidime;Ceftriaxone;Imipenem;Levofloxacin;Meropenem,22.4,7954.0,82.0,137.6,1.92,5.8,35.4,13.0,15.5,3+,18.0
36.0,Female,Nephrology,"Fever, chills, and flank pain",None,Menopause,Nephrolithotomy,alcohol,Cystitis,Recurrent UTI,Cystitis,Lower urinary tract,Urine,Citrobacter freundii,Gram Negative,Amoxicillin-Clavulanate;Ceftazidime;Doxycycline;Fosfomycin,Fosfomycin;Meropenem,Ciprofloxacin;Nitrofurantoin;Piperacillin-Tazobactam,41.8,12517.0,53.0,115.7,3.41,4.4,41.3,8.0,6.5,3+,7.5
47.0,Female,Nephrology,Suprapubic pain and dysuria,Diabetes Mellitus Type 2,"Recent antibiotic use, Recent hospitalization",Appendectomy,alcohol,Cystitis,Recurrent UTI,Cystitis,Lower urinary tract,Urine,Morganella morganii,Gram Negative,Ciprofloxacin;Gentamicin;Meropenem;Nitrofurantoin,Azithromycin;Co-trimoxazole;Meropenem,Cefixime;Imipenem;Levofloxacin,20.9,5087.0,55.3,102.6,3.47,5.6,57.7,12.5,15.0,3+,12.5
67.0,Female,Nephrology,HEMATURIA & BURNING SENSATION,NO,Post menopause & immunosupression,,,UTI,Complicated UTI,Cystitis,Lower urinary tract,Urine,Klebsiella pneumoniae,Gram Negative,Amoxicillin-Clavulanate;Aztreonam;Cefixime;Cefoperazone-Sulbactam;Ceftazidime;Ceftriaxone;Cefuroxime;Ciprofloxacin;Co-trimoxazole;Levofloxacin;Nitrofurantoin;Piperacillin-Tazobactam,,Amikacin;Fosfomycin;Gentamicin,,,,,,,,,,Negative,
53.0,Male,Nephrology,C/O anasarca,HTN,immunosupression,,,UTI,Complicated UTI,Pyelonephritis,Upper urinary tract,Urine,Escherichia coli,Gram Negative,Amikacin;Amoxicillin-Clavulanate;Cefixime;Cefoperazone-Sulbactam;Ceftriaxone;Cefuroxime;Ciprofloxacin;Co-trimoxazole;Gentamicin;Levofloxacin,,Fosfomycin;Imipenem;Meropenem;Nitrofurantoin,,,,,,,,,,Negative,
45.0,Female,Nephrology,C/O  pain in abdomen-more on Rt side,"DM,HTN",DM and HTN,,,UTI,Complicated UTI,Cystitis,Lower urinary tract,Urine,No Bacterial Growth,Unknown,,,,,,,,,,,,,Negative,
54.0,Female,Nephrology,"SOB,Elevated renal parameter anuric+",,,,,UTI,Uncomplicated UTI,Cystitis,Lower urinary tract,Urine,No Bacterial Growth,Unknown,,,,,,,,,,,,,Negative,
70.0,Female,Nephrology,SOB+ with raised Renal parameters,,,,,UTI,Uncomplicated UTI,Pyelonephritis,Upper urinary tract,Urine,Escherichia coli,Gram Negative,Amikacin;Amoxicillin-Clavulanate;Aztreonam;Ceftriaxone;Ciprofloxacin;Co-trimoxazole;Doxycycline;Piperacillin-Tazobactam,,Colistin;Erythromycin;Fosfomycin;Nitrofurantoin,,,,,,,,,,Negative,
54.0,Male,Nephrology,Anasarca,,,,,UTI,Uncomplicated UTI,Cystitis,Lower urinary tract,Urine,,,Amikacin;Amoxicillin-Clavulanate;Cefixime;Ceftazidime;Ceftriaxime;Gentamicin;Piperacillin-Tazobactam,,Colistin;Fosfomycin;Nitrofurantoin,,,,,,,,,,Negative,
64.0,Male,Urology,Fever,DM,DM,,,UTI,Uncomplicated UTI,Pyelonephritis,Upper urinary tract,Urine,Escherichia coli,Gram Negative,Amikacin;Amoxicillin-Clavulanate;Cefixime;Ceftirxone;Ciprofloxacin,,Cefotaxime;Metronidazole;Nitrofurantoin,,,,,,,,,,Negative,
55.0,Male,Urology,"Rt Loin pain,radiating to groin not",DM,HTN,,,UTI,Uncomplicated UTI,Cystitis,Lower urinary tract,Urine,Escherichia coli,Gram Negative,Amikacin;Amoxicillin-Clavulanate;Cefoperazone-Sulbactam;Ciprofloxacin;Levofloxacin;Piperacillin-Tazobactam,,Ceftriaxone;Nitrofurantoin,,,,,,,,,,Negative,
71.0,Female,Nephrology,"Anasarca,constipation",DM,DM,,,UTI,Complicated UTI,Pyelonephritis,Upper urinary tract,Urine,Escherichia coli,Gram Negative,Amikacin;Amoxicillin-Clavulanate;Ciprofloxacin;Piperacillin-Tazobactam,,Cefpodoxime;Doxycycline,,,,,,,,,,Negative,
75.0,Male,Urology,Loin pain radiating to groin,,Alcohol,,,UTI,Uncomplicated UTI,Pyelonephritis,Upper urinary tract,Urine,Escherichia coli,Gram Negative,Amikacin;Amoxicillin-Clavulanate;Cefixime;Ciprofloxacin,,Piperacillin-Tazobactam,,,,,,,,,,Negative,
60.0,Female,Urology,Abdomenal pain,,,,,UTI,Uncomplicated UTI,Cystitis,Lower urinary tract,Urine,,,Amikacin;Amoxicillin-Clavulanate;Cephalosprin,,Cefalexin;Ceftriaxone,,,,,,,,,,Negative,
75.0,Male,Urology,"Burning micturation,TerminalDysuria",,,,,UTI,Uncomplicated UTI,Cystitis,Lower urinary tract,Urine,,,Amikacin;Amoxicillin-Clavulanate;Ciprofloxacin;Piperacillin-Tazobactam,,Ceftriaxone;Fosfomycin,,,,,,,,,,Negative,
72.0,Male,Urology,"Loin pain,Burning Micturation",No,Immunosuppression,,,UTI,Complicated UTI,Cystitis,Lower urinary tract,Urine,Escherichia coli,Gram Negative,Amikacin;Amoxicillin-Clavulanate;Meropenem;Piperacillin-Tazobactam,,Ceftazidime;Ciprofloxacin;Levoflaxacin,,,,,,,,,,Negative,
3.0,Male,Pediatrics,passing thin urine stream sincs 3month,No,Age,,,UTI,Uncomplicated UTI,Cystitis,Lower urinary tract,Urine,Escherichia coli,Gram Negative,Amikacin;Ciprofloxacin;Piperacillin-Tazobactam,,Cefixime;Fosfomycin,,,,,,,,,,Negative,
1.0,Male,Pediatrics,"Rt loin pain,Fever,Vomitings",Nil,Age,,,UTI,Uncomplicated UTI,Pyelonephritis,Upper urinary tract,Urine,Escherichia coli,Gram Negative,Cefixime;Ceftriaxone;Ciprofloxacin;Levofloxacin;Nitrofurantoin,,Amoxicillin-Clavulanate,,,,,,,,,,Negative,
74.0,Male,Urology,"Rt loin pain,radiating to groin",Nil,"Age,Immunosuppression",,,UTI,Complicated UTI,Cystitis,Lower urinary tract,Urine,,,Amikacin;Amoxicillin-Clavulanate;Ciprofloxacin;Levofloxacin,,Cefoperazone-Sulbactam;Fosfomycin;Nitrofurantoin,,,,,,,,,,Negative,
67.0,Male,Urology,Burning micturation,,,,,UTI,Uncomplicated UTI,Cystitis,Lower urinary tract,Urine,No Bacterial Growth,Unknown,,,,,,,,,,,,,Negative,
59.0,Male,Urology,Burning micturation,,,,,UTI,Uncomplicated UTI,Cystitis,Lower urinary tract,Urine,No Bacterial Growth,Unknown,,,,,,,,,,,,,Negative,
60.0,Male,General Surgery,Wound at Rt great toe,DM,DM,,,UTI,Uncomplicated UTI,Cystitis,Lower urinary tract,Urine,No Bacterial Growth,Unknown,,,,,,,,,,,,,Negative,
24.0,Female,Obstetrics & Gynecology,increased frequency of micturation,,,,,UTI,Uncomplicated UTI,Cystitis,Lower urinary tract,Urine,No Bacterial Growth,Unknown,,,,,,,,,,,,,Negative,
55.0,Male,Urology,Loin pain radiating to groin,Nil,Renal calculi,,,UTI,Complicated UTI,Cystitis,Lower urinary tract,Urine,No Bacterial Growth,Unknown,,,,,,,,,,,,,Negative,
62.0,Male,General Medicine,"Fever with chills,Burning Micturation,",Epilepsy,HTN,,,UTI,Complicated UTI,Pyelonephritis,Upper urinary tract,Urine,No Bacterial Growth,Unknown,,,,,,,,,,,,,Negative,
51.0,Female,Urology,Loin pain associated with vomiting,DM,Renal Calculi,,,UTI,Complicated UTI,Pyelonephritis,Upper urinary tract,Urine,No Bacterial Growth,Unknown,,,,,,,,,,,,,Negative,
49.0,Female,Nephrology,Fever on&off,Nil,Smoking,,,UTI,Uncomplicated UTI,Pyelonephritis,Upper urinary tract,Urine,No Bacterial Growth,Unknown,,,,,,,,,,,,,Negative,
78.0,Female,Nephrology,"vomiting,diarrhoea",,Urosepsis,,,UTI,Uncomplicated UTI,Cystitis,Lower urinary tract,Urine,No Bacterial Growth,Unknown,,,,,,,,,,,,,Negative,
71.0,Female,Urology,Fever with chills&rigors,,HTN,,,UTI,Complicated UTI,Cystitis,Lower urinary tract,Urine,Escherichia coli,Gram Negative,Amoxicillin-Clavulanate;Cefixime;Ceftriaxone;Cefuroxime;Co-trimoxazole,,Amikacin;Cefperxone+Sulbactum;Fosfomycin;Gentanycin;Nitrofurantoin,,,,,,,,,,Negative,
41.0,Female,General Medicine,fever with loin pain,DM,DM,,,UTI,Uncomplicated UTI,Cystitis,Lower urinary tract,Urine,,,Amikacin;Amoxicillin-Clavulanate;Ceftazidime;Ceftriaxone;Fosfomycin;Gentamicin;Levofloxacin;Ofloxacin,,Imipenem;Meropenem;Nitrofurantoin;Piperacillin-Tazobactam,,,,,,,,,,Negative,
40.0,Female,Nephrology,Diarrhoea,Nil,AKI,,,UTI,Uncomplicated UTI,Cystitis,Lower urinary tract,Urine,,,Cefixime;Ceftazidime;Ceftriaxone;Cefuroxime;Co-trimoxazole;Fosfomycin;Nitrofurantoin;Norfloxacin,,Amikacin;Amoxicillin-Clavulanate;Cefperxone+Sulbactum;Doxycycline;Gentamicin;Imipenem;Meropenem;Piperacillin-Tazobactam,,,,,,,,,,Negative,
29.0,Female,Nephrology,B/L loin pain,Nil,Immunosuppression,,,UTI,Complicated UTI,Cystitis,Lower urinary tract,Urine,No Bacterial Growth,Unknown,,,,,,,,,,,,,Negative,
73.0,Male,Nephrology,Anasarca+,DM,AKI,,,UTI,Uncomplicated UTI,Cystitis,Lower urinary tract,Urine,,,Amikacin;Amoxicillin-Clavulanate;Ceftazidime;Ceftriaxone;Co-trimoxazole;Doxycycline;Gentamicin;Imipenem;Levofloxacin;Meropenem;Ofloxacin,,Colistin;Fosfomycin;Nitrofurantoin,,,,,,,,,,Negative,
61.0,Female,Urology,Fever,HTN,"HTN,",,,UTI,Uncomplicated UTI,Cystitis,Lower urinary tract,Urine,No Bacterial Growth,Unknown,,,,,,,,,,,,,Negative,
64.0,Male,Pulmonology,Respiratory Failure,Ptb,Nil,,,Respiratory Failure,Hospital-Acquired Infection,Systemic / Respiratory,Respiratory tract,Sputum,Streptococcus pneumoniae,Gram Positive,Co-trimoxazole,,Cefoperazone;Sulbactum,,0.0,,,1.05,5.35,32.0,,,3+,
54.0,Male,Pulmonology,Respiratory Failure,Ptb,Nil,,,Respiratory Failure,Hospital-Acquired Infection,Systemic / Respiratory,Respiratory tract,Sputum,Streptococcus pneumoniae,Gram Positive,,,Cefoperazone;Sulbactum,,8900.0,,,1.05,5.35,32.0,,,3+,
25.0,Male,Pulmonology,Bronchial Asthma,Nil,Nil,,,Bronchial Asthma,Hospital-Acquired Infection,Systemic / Respiratory,Respiratory tract,Sputum,Streptococcus pneumoniae,Gram Positive,Co-trimoxazole,Co-trimoxazole,Cefoperazone;Sulbactum,,2500.0,,,1.05,5.35,32.0,,,3+,
56.0,Male,Pulmonology,Pnuemonia,"Cva, Htn",Nil,,,Pnuemonia,Hospital-Acquired Infection,Systemic / Respiratory,Respiratory tract,Sputum,Streptococcus pneumoniae,Gram Positive,Azithromycin;Co-trimoxazole,Ampicillin;Co-trimoxazole,Cefoperazone;Sulbactum,,8500.0,,,1.05,5.35,32.0,,,3+,
56.0,Male,Pulmonology,Respiratory Failure,Ptb,Nil,,,Respiratory Failure,Hospital-Acquired Infection,Systemic / Respiratory,Respiratory tract,Sputum,Streptococcus pneumoniae,Gram Positive,Ampicillin;Co-trimoxazole,Ampicillin;Co-trimoxazole,Cefoperazone;Sulbactum,,7300.0,,,1.05,5.35,32.0,,,3+,
54.0,Male,Pulmonology,Respiratory Failure,"Othopnea, Ptb",Cough,,,Respiratory Failure,Hospital-Acquired Infection,Systemic / Respiratory,Respiratory tract,Sputum,Streptococcus pneumoniae,Gram Positive,Ampicillin;Azithromycin,Amoxicillin;Azithromycin;Clavulonicacid,Piperacillin,,18100.0,,,1.05,5.35,32.0,,,3+,
58.0,Male,Pulmonology,Loculated Emphysema,"Ptb, Htn, Dm",Cough,,,Loculated Emphysema,Hospital-Acquired Infection,Systemic / Respiratory,Respiratory tract,Sputum,Klebsiella pneumoniae,Gram Negative,Piperacillin-Tazobactam,,Cefoperazone;Sulbactum,,18000.0,,,1.05,5.35,32.0,,,3+,
56.0,Female,Pulmonology,Respiratory Failure,Htn,Nil,,,Respiratory Failure,Hospital-Acquired Infection,Systemic / Respiratory,Respiratory tract,Sputum,Streptococcus pneumoniae,Gram Positive,Co-trimoxazole;Piperacillin-Tazobactam,Co-trimoxazole,Piperacillin,,12000.0,,,1.05,5.35,32.0,,,3+,
69.0,Male,Pulmonology,Bronchiestasis,Ptb,Nil,,,Bronchiestasis,Hospital-Acquired Infection,Systemic / Respiratory,Respiratory tract,Sputum,Acinetobacter baumannii,Gram Negative,Ceftriaxone;Ciprofloxacin,Ciprofloxacin,Amoxicillin-Clavulanate,,8500.0,,,1.05,5.35,32.0,,,3+,
65.0,Male,Pulmonology,Prerenal,"Htn, Dm",Nil,,,Prerenal,Hospital-Acquired Infection,Systemic / Respiratory,Respiratory tract,Sputum,Streptococcus pneumoniae,Gram Positive,,,Doxycycline,,12000.0,,,1.05,5.35,32.0,,,3+,
24.0,Female,Obstetrics & Gynecology,P4A1Nvd With Rmle,Pfm,Nil,,,P4A1Nvd With Rmle,Complicated UTI,Cystitis,Urinary tract,Urine,Kliebsiella.Pneumoniae,Gram Negative,Piperacillin-Tazobactam,Amoxicillin;Clavulonicacid,Metronidazole,,10900.0,,,1.05,5.35,32.0,,,3+,
35.0,Male,Pulmonology,Ptb,Nil,Nil,,,Ptb,Hospital-Acquired Infection,Systemic / Respiratory,Respiratory tract,Sputum,Pseudomonas aeruginosa,Gram Negative,Ceftriaxone;Piperacillin-Tazobactam,Ceftriaxone,Cefoperazone;Sulbactum,,13200.0,,,1.05,5.35,32.0,,,3+,
79.0,Female,Pulmonology,Respiratory Failure,Htn,Nil,,,Respiratory Failure,Hospital-Acquired Infection,Systemic / Respiratory,Respiratory tract,Sputum,Citrobacter freundii,Gram Negative,Ceftriaxone;Ciprofloxacin,Ciprofloxacin,Piperacillin,,7600.0,,,1.05,5.35,32.0,,,3+,
28.0,Female,Obstetrics & Gynecology,P2 L2 A1 With Preterm Emiscs Dec Sa,Pfm,Nil,,,P2 L2 A1 With Preterm Emiscs Dec Sa,Hospital-Acquired Infection,Systemic / Respiratory,Systemic,Swab,Staphylococcus aureus,Gram Positive,Azithromycin;Cephalosporines;Quinolines,Cefazolin,Metronidazole,,12500.0,,,1.05,5.35,32.0,,,3+,
25.0,Male,Pulmonology,Pleuralefusion,Nil,Nil,,,Pleuralefusion,Hospital-Acquired Infection,Systemic / Respiratory,Respiratory tract,Sputum,Streptococcus pneumoniae,Gram Positive,Piperacillin-Tazobactam,Ampicillin,Doxycycline,,14700.0,,,1.05,5.35,32.0,,,3+,
28.0,Female,Obstetrics & Gynecology,Tubal Ligation,Nil,Nil,,,Tubal Ligation,Complicated UTI,Cystitis,Urinary tract,Urine,Staphylococus,Gram Negative,Cepahalosporinesquinalones,Colistin,Metronidazole,,6100.0,,,1.05,5.35,32.0,,,3+,
38.0,Female,Pulmonology,Respiratory Failure,Nil,Nil,,,Respiratory Failure,Hospital-Acquired Infection,Systemic / Respiratory,Respiratory tract,Sputum,Streptococcus pneumoniae,Gram Positive,Azithromycin;Ciprofloxacin,Erythromycin,Cefoperazone;Sulbactum,,9800.0,,,1.05,5.35,32.0,,,3+,
57.0,Male,Pulmonology,Respiratory Failure,Ptb,Nil,,,Respiratory Failure,Hospital-Acquired Infection,Systemic / Respiratory,Respiratory tract,Sputum,Streptococcus pneumoniae,Gram Positive,Azithromycin;Extendedspectrumpencillins,Erythromycin,Cefoperazone;Sulbactum,,7200.0,,,1.05,5.35,32.0,,,3+,
62.0,Male,Pulmonology,Pnuemonia,Nil,Nil,,,Pnuemonia,Hospital-Acquired Infection,Systemic / Respiratory,Respiratory tract,Sputum,Streptococcus pneumoniae,Gram Positive,Miscallaneous,Co-trimoxazole,Cefoperazone;Sulbactum,,9400.0,,,1.05,5.35,32.0,,,3+,
64.0,Female,Pulmonology,Bronchiectasis,Nil,Nil,,,Bronchiectasis,Hospital-Acquired Infection,Systemic / Respiratory,Respiratory tract,Sputum,Streptococcus pneumoniae,Gram Positive,Co-trimoxazole,Co-trimoxazole,Cefoperazone;Sulbactum,,9900.0,,,1.05,5.35,32.0,,,3+,
22.0,Female,Obstetrics & Gynecology,P2 L2 A1 With Preterm Emiscs Dec Sa,Nil,Nil,,,P2 L2 A1 With Preterm Emiscs Dec Sa,Hospital-Acquired Infection,Systemic / Respiratory,Systemic,Swab,Unspecified Gram-Positive Cocci,Gram Positive,Azithromycin;Ciprofloxacin,Erythromycin,Metronidazole,,10700.0,,,1.05,5.35,32.0,,,3+,
20.0,Male,Pulmonology,Moderate Pleural Effusion,Nil,Nil,,,Moderate Pleural Effusion,Hospital-Acquired Infection,Systemic / Respiratory,Respiratory tract,Sputum,Pseudomonas aeruginosa,Gram Negative,Ceftriaxone;Piperacillin-Tazobactam,Ceftriaxone;Piperacillin,,,9200.0,,,1.05,5.35,32.0,,,3+,
70.0,Male,Pulmonology,Pneumonia,Dm,Nil,,,Pneumonia,Hospital-Acquired Infection,Systemic / Respiratory,Respiratory tract,Sputum,Unspecified Gram-Positive Cocci,Gram Positive,Azithromycin;Ciprofloxacin;Co-trimoxazole,Ciprofloxacin,Cefoperazone;Sulbactum,,10300.0,,,1.05,5.35,32.0,,,3+,
46.0,Female,Pulmonology,Interstitial Lung Disease,PulmonologyPain,Nil,,,Interstitial Lung Disease,Hospital-Acquired Infection,Systemic / Respiratory,Respiratory tract,Sputum,Klebsiella pneumoniae,Gram Negative,Ceftriaxone;Piperacillin-Tazobactam,Ceftazidime,Cefoperazone;Sulbactum,,12600.0,,,1.05,5.35,32.0,,,3+,
42.0,Female,Pulmonology,Unconsolidation With Anemia,Dm,Nil,,,Unconsolidation With Anemia,Hospital-Acquired Infection,Systemic / Respiratory,Respiratory tract,Sputum,Klebsiella pneumoniae,Gram Negative,Ceftriaxone;Piperacillin-Tazobactam,Ceftriaxone,Cefoperazone;Sulbactum,,10200.0,,,1.05,5.35,32.0,,,3+,
74.0,Female,Pulmonology,Bronchial Asthma,Htn,Nil,,,Bronchial Asthma,Hospital-Acquired Infection,Systemic / Respiratory,Respiratory tract,Sputum,Streptococcus pneumoniae,Gram Positive,Azithromycin;Co-trimoxazole,Co-trimoxazole,Amoxicillin-Clavulanate,,9400.0,,,1.05,5.35,32.0,,,3+,
57.0,Female,Pulmonology,Ptb Sequale With Bronchiectasis,Ptb,Nil,,,Ptb Sequale With Bronchiectasis,Hospital-Acquired Infection,Systemic / Respiratory,Respiratory tract,Sputum,Streptococcus pneumoniae,Gram Positive,Azithromycin,Erythromycin,Doxycycline,,7200.0,,,1.05,5.35,32.0,,,3+,
54.0,Male,General Medicine,Anemia Of Chronic Disease,"Htn, Dm",Nil,,,Anemia Of Chronic Disease,Hospital-Acquired Infection,Systemic / Respiratory,Systemic,Pus,Klebsiella pneumoniae,Gram Negative,Piperacillin-Tazobactam,Ampicillin,Piperacillin,,7100.0,,,1.05,5.35,32.0,,,3+,
70.0,Female,Pulmonology,Respiratory Failure,Htn,Nil,,,Respiratory Failure,Hospital-Acquired Infection,Systemic / Respiratory,Respiratory tract,Sputum,Citrobacter freundii,Gram Negative,Ceftriaxone;Ciprofloxacin,Ceftriaxone,Piperacillin,,7600.0,,,1.05,5.35,32.0,,,3+,
58.0,Male,Pulmonology,Rt Pleural Effusion,Htn,Nil,,,Rt Pleural Effusion,Hospital-Acquired Infection,Systemic / Respiratory,Respiratory tract,Sputum,Streptococcus pneumoniae,Gram Positive,Ciprofloxacin;Co-trimoxazole,Ciprofloxacin,Ceftriaxone,,9500.0,,,1.05,5.35,32.0,,,3+,
31.0,Female,Pulmonology,Bronchial Asthma,Nil,Nil,,,Bronchial Asthma,Complicated UTI,Cystitis,Urinary tract,Urine,Staphylococcus aureus,Gram Positive,Ceftriaxone;Ciprofloxacin,Sparfloxacin,Cefoperazone;Sulbactum,,8300.0,,,1.05,5.35,32.0,,,3+,
22.0,Female,Obstetrics & Gynecology,P1L1 Emiscs Dec Sa,Nil,Nil,,,P1L1 Emiscs Dec Sa,Hospital-Acquired Infection,Systemic / Respiratory,Systemic,Swab,Escherichia coli,Gram Negative,Cephalosporines;Piperacillin-Tazobactam,Amoxicillin;Clavulonicacid,Ceftriaxone,,11000.0,,,1.05,5.35,32.0,,,3+,
57.0,Male,Pulmonology,Bronchial Asthma,Nil,Nil,,,Bronchial Asthma,Hospital-Acquired Infection,Systemic / Respiratory,Respiratory tract,Sputum,Streptococcus pneumoniae,Gram Positive,Azithromycin;Ciprofloxacin,Ampicillin,Cefoperazone;Sulbactum,,10100.0,,,1.05,5.35,32.0,,,3+,
55.0,Male,General Medicine,Extra Pulmonary Tb,Nil,Nil,,,Extra Pulmonary Tb,Hospital-Acquired Infection,Systemic / Respiratory,Respiratory tract,Sputum,Streptococcus pneumoniae,Gram Positive,Azithromycin;Co-trimoxazole,Erythromycin,Ceftriaxone,,6100.0,,,1.05,5.35,32.0,,,3+,
65.0,Male,Pulmonology,Respiratory Failure,Nil,Nil,,,Respiratory Failure,Hospital-Acquired Infection,Systemic / Respiratory,Respiratory tract,Sputum,"K.Pneumoniae, S.Pneumoniae",Gram Negative,Ciprofloxacin;Extendedspectrumpenicillin,Amoxicillin;Clavulonicacid,Cefoperazone;Sulbactum,,9100.0,,,1.05,5.35,32.0,,,3+,
54.0,Male,General Surgery,Healing Ulcer Over Rt Foot,Nil,Nil,,,Healing Ulcer Over Rt Foot,Hospital-Acquired Infection,Systemic / Respiratory,Systemic,Swab,Stephylococcusaureus,Gram Negative,Cephalosporine;Piperacillin-Tazobactam,Erythromycin,Amikacin,,9100.0,,,1.05,5.35,32.0,,,3+,
49.0,Male,Pulmonology,Consolidation With Htal,Dm,Nil,,,Consolidation With Htal,Hospital-Acquired Infection,Systemic / Respiratory,Systemic,Pus,Stephylococcusspecies,Gram Negative,Azithromycin;Ceftriaxone;Ciprofloxacin,Amoxicillin;Clavulonicacid,Piperacillin,,8500.0,,,1.05,5.35,32.0,,,3+,
43.0,Male,General Surgery,Cellulitis Of Rt Lower Limb,Dm,Nil,,,Cellulitis Of Rt Lower Limb,Hospital-Acquired Infection,Systemic / Respiratory,Systemic,Pus,Escherichia coli,Gram Negative,Amikacin;Ceftriaxone,Cefatoxim;Cefixime,Meropenum,,8100.0,,,1.05,5.35,32.0,,,3+,
50.0,Female,Pulmonology,Pneumonia,Nil,Nil,,,Pneumonia,Hospital-Acquired Infection,Systemic / Respiratory,Respiratory tract,Sputum,Psudomonasaeruginosa,Gram Negative,Ceftriaxone,Cefixime;Cefoperazone,Cefoperazone;Sulbactum,,14700.0,,,1.05,5.35,32.0,,,3+,
62.0,Male,Pulmonology,Pneumonia,Nil,Nil,,,Pneumonia,Hospital-Acquired Infection,Systemic / Respiratory,Respiratory tract,Sputum,Klebsiella pneumoniae,Gram Negative,Piperacillin-Tazobactam,Ampicillin,Cefoperazone;Sulbactum,,14900.0,,,1.05,5.35,32.0,,,3+,
73.0,Male,Pulmonology,Respiratory Failure,Nil,Nil,,,Respiratory Failure,Hospital-Acquired Infection,Systemic / Respiratory,Respiratory tract,Sputum,"K.Pneumonia, S.Pneumonia",Gram Negative,Cephalosporines;Piperacillin-Tazobactam,Ampicillin,Cefoperazone;Sulbactum,,11600.0,,,1.05,5.35,32.0,,,3+,
64.0,Male,Pulmonology,Pneumonia,Dm,Nil,,,Pneumonia,Hospital-Acquired Infection,Systemic / Respiratory,Respiratory tract,Sputum,Sreptococcuspneumoniae,Gram Negative,Azithromycin,Erythromycin,Clindamycin,,6000.0,,,1.05,5.35,32.0,,,3+,
80.0,Male,Pulmonology,Ptb Sequale With Copd,Ptb,Nil,,,Ptb Sequale With Copd,Hospital-Acquired Infection,Systemic / Respiratory,Systemic,Urine,Streptococcus pneumoniae,Gram Positive,Azithromycin;Extendedspectrumpencillins,Azithromycin,Meropenum,,12900.0,,,1.05,5.35,32.0,,,3+,
44.0,Male,Pulmonology,Respiratory Failure,Nil,Nil,,,Respiratory Failure,Hospital-Acquired Infection,Systemic / Respiratory,Respiratory tract,Sputum,Streptococcus pneumoniae,Gram Positive,Piperacillin-Tazobactam,Ampicillin,Piperacillin,,9600.0,,,1.05,5.35,32.0,,,3+,
72.0,Male,Pulmonology,Lower Lobe Pneumonia,Htn,Nil,,,Lower Lobe Pneumonia,Hospital-Acquired Infection,Systemic / Respiratory,Respiratory tract,Sputum,Streptococcus pneumoniae,Gram Positive,Azithromycin;Co-trimoxazole,Co-trimoxazole,Cefoperazone;Sulbactum,,6200.0,,,1.05,5.35,32.0,,,3+,
25.0,Female,Obstetrics & Gynecology,Rh Negative Pregnancy,Nil,Nil,,,Rh Negative Pregnancy,Complicated UTI,Cystitis,Urinary tract,Urine,Klebsiella pneumoniae,Gram Negative,Ceftriaxone;Piperacillin-Tazobactam,Cefaperazole;Cefixime,Metronidazole,,10500.0,,,1.05,5.35,32.0,,,3+,
66.0,Male,General Medicine,Acute Pancreatits,Cva,Nil,,,Acute Pancreatits,Hospital-Acquired Infection,Systemic / Respiratory,Respiratory tract,Sputum,Streptococcus pneumoniae,Gram Positive,Miscellaneous;Piperacillin-Tazobactam,Amoxicillin;Clavulonicacid,Azithromycin,,12900.0,,,1.05,5.35,32.0,,,3+,
42.0,Male,Pulmonology,Pneumonia,Nil,Nil,,,Pneumonia,Hospital-Acquired Infection,Systemic / Respiratory,Respiratory tract,Sputum,Streptococcus pneumoniae,Gram Positive,Azithromycin;Piperacillin-Tazobactam,Co-trimoxazole,Piperacillin,,12100.0,,,1.05,5.35,32.0,,,3+,
65.0,Male,Pulmonology,Respiratory Failure,Nil,Nil,,,Respiratory Failure,Hospital-Acquired Infection,Systemic / Respiratory,Respiratory tract,Sputum,Streprococcuspneumoniae,Gram Negative,Ampicillin,Ampicillin,Ceftriaxone,,8900.0,,,1.05,5.35,32.0,,,3+,
24.0,Female,Obstetrics & Gynecology,Tubal Ligation,Nil,Nil,,,Tubal Ligation,Complicated UTI,Cystitis,Urinary tract,Urine,Stephylococcusaureus,Gram Negative,Co-trimoxazole,Telcoplanin,Amikacin,,10900.0,,,1.05,5.35,32.0,,,3+,
55.0,Female,Pulmonology,Pneumonia,Stroke,Nil,,,Pneumonia,Hospital-Acquired Infection,Systemic / Respiratory,Respiratory tract,Sputum,Streptococcus pneumoniae,Gram Positive,Co-trimoxazole;Piperacillin-Tazobactam,Co-trimoxazole,Cefoperazone;Sulbactum,,11000.0,,,1.05,5.35,32.0,,,3+,
40.0,Male,Pulmonology,Pneumonia,Nil,Nil,,,Pneumonia,Hospital-Acquired Infection,Systemic / Respiratory,Respiratory tract,Sputum,Klebsiella pneumoniae,Gram Negative,Ceftriaxone;Clindamycin;Co-trimoxazole;Piperacillin,Vancomycin,Cefaperzone;Sulbactum,,11300.0,,,1.05,5.35,32.0,,,3+,
53.0,Male,General Surgery,Fourniers Gangrane,Nil,Nil,,,Fourniers Gangrane,Hospital-Acquired Infection,Systemic / Respiratory,Systemic,Swab,Escherichia coli,Gram Negative,Cephalosporines;Ciprofloxacin;Piperacillin-Tazobactam,Amoxicillin;Clavulonicacid,Clindamycin,,10100.0,,,1.05,5.35,32.0,,,3+,
15.0,Male,General Medicine,Nil,Nil,Nil,,,Nil,Complicated UTI,Cystitis,Urinary tract,Urine,Escherichia coli,Gram Negative,Ampicillin;Ceftriaxone;Ciprofloxacin,Norfloxacin,,,25100.0,,,1.05,5.35,32.0,,,3+,
22.0,Female,Obstetrics & Gynecology,P1L1 Emiscs Dec Sa,Nil,Nil,,,P1L1 Emiscs Dec Sa,Complicated UTI,Cystitis,Urinary tract,Urine,Escherichia coli,Gram Negative,Ceftriaxone,Ceftriaxone;Piperacillin,Cefaperzone;Sulbactum,,11000.0,,,1.05,5.35,32.0,,,3+,
50.0,Male,Pulmonology,Ptb With Oad,Nil,Nil,,,Ptb With Oad,Hospital-Acquired Infection,Systemic / Respiratory,Respiratory tract,Sputum,Streptococcus pneumoniae,Gram Positive,Ampicillin;Ciprofloxacin,Ciprofloxacin,Cefaperzone;Sulbactum,,11200.0,,,1.05,5.35,32.0,,,3+,
70.0,Male,Pulmonology,Respiratory Failure,Nil,Nil,,,Respiratory Failure,Complicated UTI,Cystitis,Urinary tract,Urine,Unspecified Gram-Negative Bacilli,Gram Negative,Ampicillin;Ciprofloxacin,Ampicillin,Ceftriaxone,,11000.0,,,1.05,5.35,32.0,,,3+,
62.0,Male,Pulmonology,Htn With T2Dm Old Cva With Pleural Effusion With Aki,HtnT2Dm,Nil,,,Htn With T2Dm Old Cva With Pleural Effusion With Aki,Hospital-Acquired Infection,Systemic / Respiratory,Respiratory tract,Sputum,Klebsiella pneumoniae,Gram Negative,Ceftriaxone,Ceftriaxone,Meropenem;Vancomycin,,5900.0,,,11.31,10.2,95.0,,,Negative,
14.0,Female,Pulmonology,Pneumonia,Nil,Nil,,,Pneumonia,Hospital-Acquired Infection,Systemic / Respiratory,Respiratory tract,Sputum,Escherichia coli,Gram Negative,Ceftriaxone,Ceftriaxone,Piperacillin,,12900.0,,,1.05,5.35,32.0,,,Negative,
64.0,Male,Pulmonology,Respiratory Failure,Nil,Nil,,,Respiratory Failure,Hospital-Acquired Infection,Systemic / Respiratory,Respiratory tract,Sputum,Escherichia coli,Gram Negative,Ampicillin;Ceftazidime;Co-trimoxazole,Co-trimoxazole,Cefaperzone;Sulbactum,,6800.0,,,0.6,5.8,34.0,,,Negative,
60.0,Male,Pulmonology,Bronchiectasis With Copd,Ptb,Nill,,,Bronchiectasis With Copd,Hospital-Acquired Infection,Systemic / Respiratory,Respiratory tract,Sputum,Pseudomonas aeruginosa,Gram Negative,Ceftriaxone;Piperacillin-Tazobactam,Piperacilllin,Azithromycin;Piperacillin,,17300.0,,,1.05,5.35,32.0,,,3+,
36.0,Female,Obstetrics & Gynecology,Bartholin Cyst,Nill,Nill,,,Bartholin Cyst,Complicated UTI,Cystitis,Urinary tract,Urine,Escherichia coli,Gram Negative,Amoicillin;Nalidixic Acid,Ampicillin,Ceftriaxone,,2700.0,,,1.05,5.35,32.0,,,3+,
48.0,Female,Pulmonology,Bronchial Asthama,Nill,Nill,,,Bronchial Asthama,Hospital-Acquired Infection,Systemic / Respiratory,Respiratory tract,Sputum,Citrobacter freundii,Gram Negative,Ceftazidime;Extendedspectrumpencillins,Piperacillin,Ceftriaxone,,11700.0,,,1.05,5.35,32.0,,,3+,
45.0,Male,General Medicine,Fever With Thrombocytopenia,Nill,Nill,,,Fever With Thrombocytopenia,Hospital-Acquired Infection,Systemic / Respiratory,Respiratory tract,Pus,Pseudomonas aeruginosa,Gram Negative,Azithromycin;Ciprofloxacin;Piperacillin,Cefixime;Piperacillin,Vancomycin,,11800.0,,,0.55,3.7,15.0,,,Negative,
50.0,Female,Pulmonology,Respiratory Failure,Nill,Nill,,,Respiratory Failure,Hospital-Acquired Infection,Systemic / Respiratory,Respiratory tract,Sputum,Clebsellapneumonia,Gram Negative,Ampicillin;Piperacillin,Ampicillin,,,11400.0,,,1.05,5.35,32.0,,,3+,
77.0,Male,Pulmonology,Pneumonia With Pleural Effusion,HtnT2Dm,Nill,,,Pneumonia With Pleural Effusion,Hospital-Acquired Infection,Systemic / Respiratory,Respiratory tract,Sputum,Streptococusspecies,Gram Negative,Ciprofloxacin;Extendedspectrumpencillins,Erythromycin,Piperacillin,,16000.0,,,0.85,3.5,52.0,,,Negative,
23.0,Female,Obstetrics & Gynecology,Emergency Lscs Under Spinal Anaesthesia,Nil,Nil,,,Emergency Lscs Under Spinal Anaesthesia,Complicated UTI,Cystitis,Urinary tract,Urine,Klebsiella pneumoniae,Gram Negative,Piperacillin-Tazobactam,Piperacillin,Ceftriaxone,,11000.0,,,0.75,3.9,15.0,,,Negative,
63.0,Male,Pulmonology,Respiratory Failure,"Htn, Dm",Nil,,,Respiratory Failure,Hospital-Acquired Infection,Systemic / Respiratory,Respiratory tract,Sputum,Unspecified Gram-Positive Cocci,Gram Positive,Azithromycin;Co-trimoxazole,Ampicillin,Cefaperzone;Sulbactum,,11000.0,,,1.05,5.35,32.0,,,3+,
59.0,Female,Obstetrics & Gynecology,P3L3 With Post Menopause,Htn,Nil,,,P3L3 With Post Menopause,Hospital-Acquired Infection,Systemic / Respiratory,Systemic,Swab,Staphylococcus aureus,Gram Positive,Ceftriaxone;Ciprofloxacin,Amoxicillin;Clavulonicacid,,,12300.0,,,1.05,5.35,32.0,,,3+,
53.0,Female,Pulmonology,Respiratory Failure,Nil,Nil,,,Respiratory Failure,Hospital-Acquired Infection,Systemic / Respiratory,Respiratory tract,Sputum,Staphylococcus aureus,Gram Positive,Ceftriaxone;Ciprofloxacin;Piperacillin-Tazobactam,Amoxicillin;Clavulonicacid,Cefaperzone;Sulbactum,,7600.0,,,1.05,5.35,32.0,,,3+,
24.0,Female,Pulmonology,Pleuralefusion,Nil,Nil,,,Pleuralefusion,Hospital-Acquired Infection,Systemic / Respiratory,Respiratory tract,Sputum,Staphylococcus aureus,Gram Positive,Azithromycin;Ceftriaxone;Ofloxacin,Cefazolin,,,5800.0,,,1.05,5.35,32.0,,,3+,
52.0,Female,Pulmonology,Respiratory Failure,Htn,Nil,,,Respiratory Failure,Hospital-Acquired Infection,Systemic / Respiratory,Respiratory tract,Sputum,Klebsiella pneumoniae,Gram Negative,Ceftriaxone;Co-trimoxazole;Imipenem,Ampicillin,Piperacillin,,13700.0,,,1.05,5.35,32.0,,,3+,
68.0,Male,Pulmonology,Hemoptysis,Dm,Nil,,,Hemoptysis,Hospital-Acquired Infection,Systemic / Respiratory,Respiratory tract,Sputum,Staphylococcus aureus,Gram Positive,Ceftriaxone;Erythromycin;Ofloxacin,Cefazolin,Cefaperzone;Sulbactum,,10000.0,,,1.05,5.35,32.0,,,3+,
83.0,Female,Pulmonology,Respiratory Failure,Htn,Nil,,,Respiratory Failure,Hospital-Acquired Infection,Systemic / Respiratory,Respiratory tract,Sputum,Pseudomonas aeruginosa,Gram Negative,,,,,12700.0,,,1.05,5.35,32.0,,,3+,
32.0,Male,Pulmonology,Fibrocavity Lesion,Nil,Nil,,,Fibrocavity Lesion,Hospital-Acquired Infection,Systemic / Respiratory,Respiratory tract,Sputum,Proteus mirabilis,Gram Negative,Ampicillin,Amoxicillin;Clavulonicacid,Cefaperzone;Sulbactum,,9800.0,,,1.05,5.35,32.0,,,3+,
62.0,Male,Pulmonology,Emphysema,Orthopnea,Nil,,,Emphysema,Hospital-Acquired Infection,Systemic / Respiratory,Respiratory tract,Sputum,Escherichia coli,Gram Negative,Ampicillin,Ampicillin,Ceftriaxone,,8600.0,,,1.05,5.35,32.0,,,3+,
69.0,Male,Pulmonology,Pleuralefusion,Htn,Nil,,,Pleuralefusion,Hospital-Acquired Infection,Systemic / Respiratory,Respiratory tract,Sputum,Stephylococcusaureus,Gram Negative,Ceftriaxone,Ceftriaxone,Cefaperzone;Sulbactum,,5400.0,,,1.05,5.35,32.0,,,3+,
70.0,Female,Pulmonology,Hydropneumothorax,Nil,Nil,,,Hydropneumothorax,Hospital-Acquired Infection,Systemic / Respiratory,Respiratory tract,Sputum,Psudomonasaeruginosa,Gram Negative,Ampicillin,Ampicillin,Ceftriaxone,,8900.0,,,0.64,8.0,23.0,,,Negative,
50.0,Female,Pulmonology,Respiratory Failure,Nil,Nil,,,Respiratory Failure,Hospital-Acquired Infection,Systemic / Respiratory,Respiratory tract,Sputum,Unspecified Gram-Positive Cocci,Gram Positive,Ampicillin;Azithromycin,Ampicillin,Piperacillin,,12300.0,,,1.05,5.35,32.0,,,3+,
65.0,Male,Pulmonology,Pneumonia,"Htn, Dm",Nil,,,Pneumonia,Hospital-Acquired Infection,Systemic / Respiratory,Respiratory tract,Sputum,Sreptococcuspneumoniae,Gram Negative,Ampicillin;Ciprofloxacin;Clindamycin;Co-trimoxazole,Ampicillin,Cefaperzone;Cefixime;Sulbactum,,5200.0,,,1.05,5.35,32.0,,,3+,
70.0,Male,Pulmonology,Respiratory Failure,Htn,Nil,,,Respiratory Failure,Hospital-Acquired Infection,Systemic / Respiratory,Respiratory tract,Sputum,Klebsiella pneumoniae,Gram Negative,Ampicillin,Ampicillin,Amoxiclavulonicacid;Cetriaxone,,6700.0,,,1.34,6.6,25.0,,,Negative,
46.0,Male,Pulmonology,Old Ptb With Left Lung Collapse,Nil,Nil,,,Old Ptb With Left Lung Collapse,Hospital-Acquired Infection,Systemic / Respiratory,Respiratory tract,Sputum,Pseudomonas aeruginosa,Gram Negative,Amikacin;Extendedspectrumpenicillin,Piperacillin,Amoxicillin;Cefaperzone;Clavulonicacid;Sulbactum,,18200.0,,,1.05,5.35,32.0,,,3+,
50.0,Male,Pulmonology,Respiratory Failure,Nil,Nil,,,Respiratory Failure,Hospital-Acquired Infection,Systemic / Respiratory,Respiratory tract,Sputum,Pseudomonas aeruginosa,Gram Negative,Ampicillin,Co-trimoxazole,Cefaperzone;Sulbactum,,11300.0,,,1.05,5.35,32.0,,,3+,
23.0,Female,Obstetrics & Gynecology,P2L2 With Emises Decresed Sa,Nil,Nil,,,P2L2 With Emises Decresed Sa,Complicated UTI,Cystitis,Urinary tract,Urine,Escherichia coli,Gram Negative,Ciprofloxacin;Extendedspectrumpenicillin,Norfloxacin;Piperacillin,Meropenum,,10900.0,,,0.71,3.6,14.0,,,Negative,
60.0,Male,Pulmonology,Copd With Respiratory Failure,Nil,Nil,,,Copd With Respiratory Failure,Hospital-Acquired Infection,Systemic / Respiratory,Respiratory tract,Sputum,Klebsiella pneumoniae,Gram Negative,Ampicillin,Ampicillin,Cefaperzone;Sulbactum,,19700.0,,,1.05,5.35,32.0,,,3+,
52.0,Female,Pulmonology,Old Ptb With Dysphagia,Nil,Nil,,,Old Ptb With Dysphagia,Hospital-Acquired Infection,Systemic / Respiratory,Respiratory tract,Sputum,Klebsiella pneumoniae,Gram Negative,Ceftriaxone;Extendedspectrumpenicillin,Piperacillin,,,10600.0,,,0.62,3.9,12.0,,,1+,
29.0,Female,Obstetrics & Gynecology,P3L2 D1A1 With Emiscs,Nil,Nil,,,P3L2 D1A1 With Emiscs,Complicated UTI,Cystitis,Urinary tract,Urine,Enterococcus faecalis,Gram Positive,Ciprofloxacin;Extendedspectrumpenicillin,Piperacillin;Tazobactum,Amoxicillin;Clavulanicacid,,8300.0,,,1.05,5.35,32.0,,,3+,
44.0,Male,Pulmonology,Pneumonia,Nil,Nil,,,Pneumonia,Hospital-Acquired Infection,Systemic / Respiratory,Respiratory tract,Sputum,Psudomonasaeruginosa,Gram Negative,Amikacin,Amikacin,Piperacillin,,8900.0,,,1.05,5.35,32.0,,,3+,
65.0,Female,Pulmonology,Ptb Sequale With Corpulmonale,Nil,Nil,,,Ptb Sequale With Corpulmonale,Hospital-Acquired Infection,Systemic / Respiratory,Respiratory tract,Sputum,Klebsiella pneumoniae,Gram Negative,Ampicillin,Ampicillin,Cefaperzone;Clindamycin;Sulbactum,,10900.0,,,1.05,5.35,32.0,,,3+,
42.0,Male,Pulmonology,Pneumonia,Nil,Nil,,,Pneumonia,Hospital-Acquired Infection,Systemic / Respiratory,Respiratory tract,Sputum,Klebsiella pneumoniae,Gram Negative,Ampicillin,Ampicillin,Cefoperazone-Sulbactam;Sulbactum,,22600.0,,,1.05,5.35,32.0,,,3+,
45.0,Male,Pulmonology,Old Ptb With Lung Abscess,Nil,Nil,,,Old Ptb With Lung Abscess,Hospital-Acquired Infection,Systemic / Respiratory,Respiratory tract,Sputum,Klebsiella pneumoniae,Gram Negative,Extendedspectrumpenicillin,Amoxicillin;Clavulonicacid,Cefoperazone-Sulbactam;Clindamycin;Sulbactum,,9300.0,,,1.05,5.35,32.0,,,3+,
23.0,Female,Obstetrics & Gynecology,P2L2 With Emises Decresed Sa,Nil,Nil,,,P2L2 With Emises Decresed Sa,Complicated UTI,Cystitis,Urinary tract,Urine,Escherichia coli,Gram Negative,Ciprofloxacin;Extendedspectrumpenicillin,Amoxicillin;Clavulonicacid,Cefixime,,10900.0,,,1.05,5.35,32.0,,,3+,
40.0,Male,General Medicine,Fever With Thrombocytopenia,Nil,Nil,,,Fever With Thrombocytopenia,Hospital-Acquired Infection,Systemic / Respiratory,Systemic,Urine,Citrobacter freundii,Gram Negative,Piperacillin-Tazobactam,Amoxicillin;Clavulonicacid,Vancomycin,,7200.0,,,1.05,5.35,32.0,,,3+,
72.0,Male,General Medicine,Fever With Thrombocytopenia,Htn,Nil,,,Fever With Thrombocytopenia,Hospital-Acquired Infection,Systemic / Respiratory,Systemic,Blood,Staphylococcus aureus,Gram Positive,Ceftriaxone;Erythromycin,Amoxicillin;Clavulonicacid,Cefoperazone;Sulbactum,,28500.0,,,1.05,5.35,32.0,,,3+,
79.0,Male,General Medicine,Acute Gastroenteritis,Nil,Nil,,,Acute Gastroenteritis,Complicated UTI,Cystitis,Urinary tract,Urine,Pseudomonas aeruginosa,Gram Negative,Ceftriaxone,Piperacillin,Ciprofloxacin,,10200.0,,,1.05,5.35,32.0,,,3+,
70.0,Male,General Medicine,Infective Exacerbation Of Copd With Sepsis,Nil,Nil,,,Infective Exacerbation Of Copd With Sepsis,Hospital-Acquired Infection,Systemic / Respiratory,Respiratory tract,Sputum,Klebsiella pneumoniae,Gram Negative,Ceftazidime;Piperacillin-Tazobactam,Ampicillin,Azithromycin;Cefoperazone;Sulbactum,,9700.0,,,1.05,5.35,32.0,,,3+,
30.0,Male,General Medicine,Fever With Thrombocytopenia,Nil,Nil,,,Fever With Thrombocytopenia,Hospital-Acquired Infection,Systemic / Respiratory,Systemic,Urine,Citrobacter freundii,Gram Negative,Piperacillin-Tazobactam,Piperacillin,Ceftriaxone;Doxycycline,,16200.0,,,1.05,5.35,32.0,,,3+,
46.0,Male,Pulmonology,Bronchiectasis,Nil,Nil,,,Bronchiectasis,Hospital-Acquired Infection,Systemic / Respiratory,Respiratory tract,Sputum,Pseudomonas aeruginosa,Gram Negative,Ceftriaxone,Ceftriaxone,Cefoperazone;Sulbactum,,10300.0,,,1.05,5.35,32.0,,,3+,
78.0,Female,General Medicine,Fever With Thrombocytopenia,Nil,Nil,,,Fever With Thrombocytopenia,Hospital-Acquired Infection,Systemic / Respiratory,Respiratory tract,Sputum,Streptococcus pneumoniae,Gram Positive,Ampicillin,Ampicillin,Doxycycline,,10000.0,,,1.05,5.35,32.0,,,3+,
51.0,Female,Pulmonology,Left Lung Cavity With Consolidation,Nil,Nil,,,Left Lung Cavity With Consolidation,Hospital-Acquired Infection,Systemic / Respiratory,Respiratory tract,Sputum,Klebsiella pneumoniae,Gram Negative,Ampicillin;Ceftazidime,Ampicillin,Cefoperazone;Sulbactum,,6100.0,,,0.6,3.2,16.0,,,3+,
72.0,Male,Pulmonology,Pneumonia,Dm,Nil,,,Pneumonia,Hospital-Acquired Infection,Systemic / Respiratory,Respiratory tract,Sputum,Pseudomonas aeruginosa,Gram Negative,Ceftazidime;Piperacillin-Tazobactam,Piperacillin,Ceftriaxone,,13800.0,,,3.58,8.1,100.0,,,Negative,
58.0,Male,General Medicine,Fever With Thrombocytopenia,Nil,Nil,,,Fever With Thrombocytopenia,Hospital-Acquired Infection,Systemic / Respiratory,Respiratory tract,Sputum,Escherichia coli,Gram Negative,Ceftriaxone;Piperacillin-Tazobactam,Piperacillin;Tazobactum,,,10800.0,,,1.05,5.35,32.0,,,3+,
50.0,Female,General Medicine,Diabetic Nephropathy,Dm,Nil,,,Diabetic Nephropathy,Hospital-Acquired Infection,Systemic / Respiratory,Respiratory tract,Sputum,Klebsiella pneumoniae,Gram Negative,Piperacillin-Tazobactam,Piperacillin,Cefoperazone;Sulbactum,,13200.0,,,1.05,5.35,32.0,,,3+,
21.0,Female,Obstetrics & Gynecology,P1L1 Emiscs Dec Sa,Nil,Nil,,,P1L1 Emiscs Dec Sa,Hospital-Acquired Infection,Systemic / Respiratory,Systemic,Pus,Klebsiella pneumoniae,Gram Negative,Ceftriaxone;Piperacillin-Tazobactam,Co-trimoxazole;Piperacillin,Piperacillin,,8600.0,,,1.05,5.35,32.0,,,3+,
25.0,Female,Obstetrics & Gynecology,P2L2 With Emises Decreased Sa,Nil,Nil,,,P2L2 With Emises Decreased Sa,Complicated UTI,Cystitis,Urinary tract,Urine,Staphylococcus aureus,Gram Positive,Erythromycin;Gentamicin,Nalidixic Acid,Ceftriaxone,,11200.0,,,1.05,5.35,32.0,,,3+,
28.0,Female,Obstetrics & Gynecology,P3L3A2 With Emiscs With Tubal Ligation,Nil,Nil,,,P3L3A2 With Emiscs With Tubal Ligation,Complicated UTI,Cystitis,Urinary tract,Urine,Staphylococcus aureus,Gram Positive,Quinalones,Norfloxacin,Cefoperazone;Sulbactum,,11500.0,,,1.05,5.35,32.0,,,3+,
70.0,Female,Pulmonology,Pneumothorax,Nil,Nil,,,Pneumothorax,Hospital-Acquired Infection,Systemic / Respiratory,Systemic,Pus,Staphylococcus aureus,Gram Positive,Ceftriaxone;Ciprofloxacin,Ciprofloxacin,Amoxicillin;Clavulanicacid,,11200.0,,,1.05,5.35,32.0,,,3+,
37.0,Female,Obstetrics & Gynecology,P2L2 With Emiscs Decreased Sa,Nil,Nil,,,P2L2 With Emiscs Decreased Sa,Complicated UTI,Cystitis,Urinary tract,Urine,Klebsiella pneumoniae,Gram Negative,Ceftriaxone;Ciprofloxacin;Piperacillin-Tazobactam,Ampicillin,Amoxicillin;Amoxicillin-Clavulanate,,10700.0,,,1.05,5.35,32.0,,,3+,
60.0,Male,Pulmonology,Old Ptb With Pneumonitis,Nil,Nil,,,Old Ptb With Pneumonitis,Hospital-Acquired Infection,Systemic / Respiratory,Respiratory tract,Sputum,Streptococcus pneumoniae,Gram Positive,Ampicillin;Azithromycin,Ciprofloxacin,Piperacillin,,8600.0,,,1.05,5.35,32.0,,,3+,
60.0,Male,Pulmonology,Respiratory Failure With Haemoptysis,Ptb,Nil,,,Respiratory Failure With Haemoptysis,Hospital-Acquired Infection,Systemic / Respiratory,Respiratory tract,Sputum,Staphylococcus aureus,Gram Positive,Ciprofloxacin;Co-trimoxazole,Cefazolin,Cefoperazone;Sulbactum,,4000.0,,,1.05,5.35,32.0,,,3+,
76.0,Male,Pulmonology,Respiratory Failure,Htn,Nil,,,Respiratory Failure,Hospital-Acquired Infection,Systemic / Respiratory,Respiratory tract,Sputum,Pseudomonas aeruginosa,Gram Negative,Ceftriaxone,Ceftriaxone,Piperacillin,,13100.0,,,1.05,5.35,32.0,,,3+,
70.0,Male,Pulmonology,Ptb Sequale With Respiratory Failure,Nil,Nil,,,Ptb Sequale With Respiratory Failure,Hospital-Acquired Infection,Systemic / Respiratory,Respiratory tract,Sputum,Klebsiella pneumoniae,Gram Negative,Ampicillin,Ampicillin,Cefoperazone;Sulbactum,,5000.0,,,1.05,5.35,32.0,,,3+,
72.0,Male,Pulmonology,Respiratory Failure,"Dm, Ptb",Nil,,,Respiratory Failure,Hospital-Acquired Infection,Systemic / Respiratory,Respiratory tract,Sputum,Pseudomonas aeruginosa,Gram Negative,,,Piperacillin,,11000.0,,,1.05,5.35,32.0,,,3+,
63.0,Male,Pulmonology,Copd With Respiratory Failure,Dm,Nil,,,Copd With Respiratory Failure,Hospital-Acquired Infection,Systemic / Respiratory,Respiratory tract,Sputum,Streptococcus pneumoniae,Gram Positive,Ampicillin;Azithromycin;Doxycycline,Ciprofloxacin,Cefoperazone;Sulbactum,,9000.0,,,1.05,5.35,32.0,,,3+,
65.0,Male,Pulmonology,Old Ptb With Bronchiostasis,"Ptb, Htn",Nil,,,Old Ptb With Bronchiostasis,Hospital-Acquired Infection,Systemic / Respiratory,Respiratory tract,Sputum,Pseudomonas aeruginosa,Gram Negative,Ceftriaxone,Ceftazidime,Cefoperazone;Sulbactum,,10200.0,,,1.05,5.35,32.0,,,3+,
53.0,Male,Pulmonology,Respiratory Failure,"Ptb, Htn, Dm2",Nil,,,Respiratory Failure,Hospital-Acquired Infection,Systemic / Respiratory,Respiratory tract,Sputum,Pseudomonas aeruginosa,Gram Negative,Ceftriaxone,Ceftazidime;Piperacillin;Tazobactum,Cefixime,,14500.0,,,1.05,5.35,32.0,,,3+,
70.0,Male,Pulmonology,Hemptoysis Dec Evaluation,"Dm, Htn, Cad",Nil,,,Hemptoysis Dec Evaluation,Hospital-Acquired Infection,Systemic / Respiratory,Respiratory tract,Sputum,Pseudomonas aeruginosa,Gram Negative,Co-trimoxazole,Ampicillin,Cefoperazone;Sulbactum,,10500.0,,,1.05,5.35,32.0,,,3+,
57.0,Male,Pulmonology,Copd With Ae,Nil,Nil,,,Copd With Ae,Hospital-Acquired Infection,Systemic / Respiratory,Respiratory tract,Sputum,Streprococcuspneumoniae,Gram Negative,Ampicillin,Ampicillin,Cefoperazone;Sulbactum,,4400.0,,,1.05,5.35,32.0,,,3+,
64.0,Male,Pulmonology,Pneumonia,DmPtb,Nil,,,Pneumonia,Hospital-Acquired Infection,Systemic / Respiratory,Respiratory tract,Sputum,Sreptococcuspneumoniae,Gram Negative,Ampicillin,Ampicillin,Cefoperazone;Sulbactum,,5300.0,,,1.05,5.35,32.0,,,3+,
85.0,Male,General Medicine,Aute Ge Prerenal Akd,Nil,Nil,,,Aute Ge Prerenal Akd,Hospital-Acquired Infection,Systemic / Respiratory,Systemic,Urine,Escherichia coli,Gram Negative,Ceftriaxone,Ceftriaxone,Metronidazole,,9800.0,,,1.05,5.35,32.0,,,3+,
60.0,Female,Pulmonology,Old Ptb With Bronchiostasis,T2DmHtn,Nil,,,Old Ptb With Bronchiostasis,Hospital-Acquired Infection,Systemic / Respiratory,Respiratory tract,Sputum,Staphylococcus aureus,Gram Positive,,Pencilling,Piperacillin;Tazobactum,,7800.0,,,1.05,5.35,32.0,,,3+,
58.0,Female,Pulmonology,Pnuemonia,PtbHtnT2Dm,Nil,,,Pnuemonia,Hospital-Acquired Infection,Systemic / Respiratory,Respiratory tract,Sputum,Escherichia coli,Gram Negative,Co-trimoxazole,Ceftriaxone,Cefoperazone;Sulbactum,,8300.0,,,1.05,5.35,32.0,,,3+,
53.0,Female,Pulmonology,Respiratory Failure,DmHtn,Nil,,,Respiratory Failure,Hospital-Acquired Infection,Systemic / Respiratory,Respiratory tract,Sputum,Klebiselllapneumonia,Gram Negative,Ampicillin,Ampicillin,Cefoperazone;Sulbactum,,14500.0,,,1.05,5.35,32.0,,,3+,
44.0,Male,Pulmonology,Pneumonia,DmOldPtb,Nil,,,Pneumonia,Hospital-Acquired Infection,Systemic / Respiratory,Respiratory tract,Sputum,Unspecified Gram-Positive Cocci,Gram Positive,Azithromycin;Piperacillin-Tazobactam,Cephlosporins;Piperacillin;Tazobactum,Cefoperazone;Sulbactum,,16600.0,,,1.05,5.35,32.0,,,3+,
39.0,Male,Pulmonology,Respiratory Failure,Ptb,Nil,,,Respiratory Failure,Hospital-Acquired Infection,Systemic / Respiratory,Respiratory tract,Sputum,Pseudomonas aeruginosa,Gram Negative,Piperacillin;Taozbactum,,Cefoperazone;Sulbactum,,9500.0,,,1.05,5.35,32.0,,,3+,
65.0,Male,Pulmonology,Bronchial Asthma,PtbT2DmHtn,Nil,,,Bronchial Asthma,Hospital-Acquired Infection,Systemic / Respiratory,Respiratory tract,Sputum,Pseudomonas aeruginosa,Gram Negative,Ceftriaxone,Ceftraixone,Cefoperazone;Sulbactum,,10100.0,,,1.05,5.35,32.0,,,3+,
65.0,Female,Pulmonology,Respiratory Failure,PtbHtnT2Dm,Nil,,,Respiratory Failure,Hospital-Acquired Infection,Systemic / Respiratory,Respiratory tract,Sputum,Streptococcus pneumoniae,Gram Positive,Amoxicillin;Co-trimoxazole,Amoxicillin;Clavulonicacid,Piperacillin;Tazobactum,,8700.0,,,1.05,5.35,32.0,,,3+,
60.0,Male,Pulmonology,Respiratory Failure,Nil,Nil,,,Respiratory Failure,Hospital-Acquired Infection,Systemic / Respiratory,Respiratory tract,Sputum,Streptococcus pneumoniae,Gram Positive,Ampicillin,Azithromycin,Cefoperazone;Sulbactum,,15200.0,,,1.05,5.35,32.0,,,3+,
50.0,Male,Pulmonology,Bronchiectasis,OldPtb,Nil,,,Bronchiectasis,Hospital-Acquired Infection,Systemic / Respiratory,Respiratory tract,Sputum,Streprococcuspneumoniae,Gram Negative,Ampicillin,Azithromycin,Cefoperazone;Sulbactum,,14500.0,,,1.05,5.35,32.0,,,3+,
70.0,Male,Pulmonology,Respiratory Failure,OldPtb,Nil,,,Respiratory Failure,Hospital-Acquired Infection,Systemic / Respiratory,Respiratory tract,Sputum,Citrobacter freundii,Gram Negative,Amoxicillin;Co-trimoxazole,Ampicillin,Cefoperazone;Sulbactum,,7900.0,,,1.05,5.35,32.0,,,3+,
48.0,Male,General Medicine,Healing Ulcer Over Rt Foot,JAUNDICE,NIL,,,Healing Ulcer Over Rt Foot,Complicated UTI,Cystitis,Urinary tract,Urine,Escherichia coli,Gram Negative,Amikacin;Ceftriaxone,Amikacin;Ceftriaxone,Amoxicillin,,19400.0,,,1.43,5.2,24.0,,,Negative,
20.0,Female,Obstetrics & Gynecology,P2L2 WITH ELESCS DECREASED SA,NIL,NIL,,,P2L2 WITH ELESCS DECREASED SA,Hospital-Acquired Infection,Systemic / Respiratory,Systemic,Swab,Stephylococcus Aureus,Gram Negative,Co-trimoxazole,Co-trimoxazole,Cetriaxone,,7800.0,,,0.4,3.6,16.0,,,3+,
48.0,Male,Pulmonology,Ptb Sequale With Bronchiectasis,NIL,NIL,,,Ptb Sequale With Bronchiectasis,Hospital-Acquired Infection,Systemic / Respiratory,Systemic,Urine,Pseudomonas aeruginosa,Gram Negative,Ceftriaxone,Ceftazidime,Cefoperazone-Sulbactam,,11700.0,,,0.48,3.7,30.0,,,Negative,
60.0,Male,Pulmonology,COPD WITH FIBROSIS,NIL,NIL,,,COPD WITH FIBROSIS,Hospital-Acquired Infection,Systemic / Respiratory,Respiratory tract,Sputum,Klebsiella pneumoniae,Gram Negative,Ceftriaxone;Ciprofloxacin,Piperacillin,Cefoperazone-Sulbactam,,9400.0,,,0.88,4.6,24.0,,,3+,
46.0,Female,Pulmonology,PNEUMONIA,OLD PTB,NIL,,,PNEUMONIA,Hospital-Acquired Infection,Systemic / Respiratory,Respiratory tract,Sputum,Pseudomonas aeruginosa,Gram Negative,Piperacillin,Piperacilin,Ceftriaxone,,6600.0,,,0.6,9.0,19.0,,,Negative,
4.0,Female,General Medicine,NIL,NIL,NIL,,,NIL,Hospital-Acquired Infection,Systemic / Respiratory,Systemic,Blood,Citrobacter freundii,Gram Negative,Ampicillin;Ceftriaxone,,Amikacin,,18500.0,,,0.69,3.0,24.0,,,4+,
83.0,Male,Pulmonology,EMPHYSEMA,NIL,NIL,,,EMPHYSEMA,Hospital-Acquired Infection,Systemic / Respiratory,Respiratory tract,Sputum,Klebsiella pneumoniae,Gram Negative,Amikacin;Ceftazidime,Amikacin,Cefoperazone-Sulbactam,,2700.0,,,1.05,5.35,32.0,,,3+,
14.0,Female,General Surgery,NON HEALING ULCER OVER LEFT HAND &RIGHT ANKLE,NIL,NIL,,,NON HEALING ULCER OVER LEFT HAND &RIGHT ANKLE,Hospital-Acquired Infection,Systemic / Respiratory,Systemic,Swab,Pseudomonas aeruginosa,Gram Negative,Ceftazidime,Ceftazidime,Amikacin;Ceftriaxone,,5200.0,,,1.05,5.35,32.0,,,Negative,
75.0,Male,Pulmonology,RESPIRATORY FAILURE,"DM,HTN",NIL,,,RESPIRATORY FAILURE,Hospital-Acquired Infection,Systemic / Respiratory,Respiratory tract,Sputum,Pseudomonas aeruginosa,Gram Negative,Ceftazidime,,Piperacillin,,15000.0,,,1.05,5.35,32.0,,,3+,
65.0,Female,Pulmonology,Respiratory Failure,OLD PTB,NIL,,,Respiratory Failure,Hospital-Acquired Infection,Systemic / Respiratory,Respiratory tract,Sputum,Unspecified Gram-Negative Bacilli,Gram Negative,Ampicillin;Ceftriaxone;Ciprofloxacin,Piperacilin,Cefaperzone+Sulbactum,,6600.0,,,0.4,3.5,26.0,,,Negative,
64.0,Female,Pulmonology,BROCHIECTASIS WITH FIBROSIS,NIL,NIL,,,BROCHIECTASIS WITH FIBROSIS,Hospital-Acquired Infection,Systemic / Respiratory,Respiratory tract,Sputum,Pseudomonas aeruginosa,Gram Negative,Ceftriaxone,Piperacilin,Cefapeazone+Sulbactum;Piperacilin,,10700.0,,,0.49,3.3,20.0,,,Negative,
40.0,Female,Pulmonology,PNEUMONIA,NIL,NIL,,,PNEUMONIA,Hospital-Acquired Infection,Systemic / Respiratory,Respiratory tract,Sputum,Klebsiella pneumoniae,Gram Negative,Ampicillin;Co-trimoxazole;Sparfloxacillin,Ceftazidime,Cefoperazone-Sulbactam,,10700.0,,,0.59,4.9,27.0,,,Negative,
50.0,Male,Pulmonology,PNEUMONIA,DM,NIL,,,PNEUMONIA,Hospital-Acquired Infection,Systemic / Respiratory,Respiratory tract,Sputum,Methicilin Resistant Stephylococus Aureus,Gram Negative,Ciprofloxacin,Cefatoxim,Amoxicilliin+Clavulonic Acid;Cefoperazone-Sulbactam,,6700.0,,,0.95,4.2,23.0,,,Negative,
75.0,Male,Pulmonology,CAD WITH TYPE 1 RF,NIL,NIL,,,CAD WITH TYPE 1 RF,Hospital-Acquired Infection,Systemic / Respiratory,Respiratory tract,Sputum,Pseudomonas aeruginosa,Gram Negative,Ceftriaxone;Extended Spectrum Pencillins,Azithromycin;Piperacillin,Piperacillin,,10500.0,,,0.81,3.7,32.0,,,Negative,
80.0,Male,Pulmonology,BRONCHIAL ASTHAMA,PTB,NIL,,,BRONCHIAL ASTHAMA,Hospital-Acquired Infection,Systemic / Respiratory,Respiratory tract,Sputum,Streptococcus pneumoniae,Gram Positive,Ceftriaxone,,Cefoperazone-Sulbactam,,16400.0,,,2.5,7.9,45.0,,,2+,
55.0,Female,Pulmonology,MEDICAL MANAGEMENT OF RESPIRATORY FAILURE,"T2DM,HTN",NIL,,,MEDICAL MANAGEMENT OF RESPIRATORY FAILURE,Hospital-Acquired Infection,Systemic / Respiratory,Respiratory tract,Sputum,Klebsiella pneumoniae,Gram Negative,Ceftriaxone;Extended Spectrum Pencillins,,Ceftriaxzone+Sulbactum,,8200.0,,,0.67,10.4,19.0,,,3+,
56.0,Female,Pulmonology,B/L LOWER LOBE PNEUMONIA,NIL,NIL,,,B/L LOWER LOBE PNEUMONIA,Hospital-Acquired Infection,Systemic / Respiratory,Respiratory tract,Sputum,Pseudomonas aeruginosa,Gram Negative,Ceftriaxone,,Cefoperazone-Sulbactam,,5500.0,,,0.92,3.9,23.0,,,Negative,
70.0,Male,General Surgery,CELLULITIS OF RIGHT LOWER LIMB,HTN,NIL,,,CELLULITIS OF RIGHT LOWER LIMB,Hospital-Acquired Infection,Systemic / Respiratory,Systemic,Pus,Escherichia coli,Gram Negative,Ceftriaxone;Extended Spectrum Pencillins;Miscellaneous,Ceftazidime,Clindamycin Phospate,,15000.0,,,0.67,3.8,28.0,,,3+,
62.0,Female,Pulmonology,MEDICAL MANAGEMENT OF RESPIRATORY FAILURE,PTB,NIL,,,MEDICAL MANAGEMENT OF RESPIRATORY FAILURE,Hospital-Acquired Infection,Systemic / Respiratory,Respiratory tract,Sputum,Klebsiella pneumoniae,Gram Negative,Amikacin;Ceftriaxone;Extended Spectrum Pencillins,Ceftazidime,Cefoperazone-Sulbactam,,4900.0,,,0.51,5.2,38.0,,,Negative,
60.0,Female,Pulmonology,MEDICAL MANAGEMENT OF PNEUMONIA,NIL,NIL,,,MEDICAL MANAGEMENT OF PNEUMONIA,Hospital-Acquired Infection,Systemic / Respiratory,Respiratory tract,Sputum,Klebsiella pneumoniae,Gram Negative,Ampicillin;Ceftriaxone,Cefotaixime,Cefoperazone-Sulbactam,,13300.0,,,1.04,5.1,56.0,,,3+,
56.0,Male,Pulmonology,MEDICAL MANAGEMENT OF PNEUMONIA,"HTN, PTB",NIL,,,MEDICAL MANAGEMENT OF PNEUMONIA,Hospital-Acquired Infection,Systemic / Respiratory,Systemic,Urine,Klebsiella pneumoniae,Gram Negative,Ceftriaxone;Co-trimoxazole;Extended Spectrum Pencillins,Ceftazidime,Piperaciilin+Tazobactum,,13700.0,,,0.65,3.4,38.0,,,Negative,
60.0,Female,Pulmonology,MEDICAL MANAGEMENT OF RESPIRATORY FAILURE,HTN,NIL,,,MEDICAL MANAGEMENT OF RESPIRATORY FAILURE,Hospital-Acquired Infection,Systemic / Respiratory,Respiratory tract,Sputum,Pseudomonas aeruginosa,Gram Negative,Ceftriaxone;Pipercillin,,Cefoperazone-Sulbactam,,6300.0,,,0.97,4.1,29.0,,,1+,
45.0,Male,Pulmonology,MEDICAL MANAGEMENT OF ILD,NIL,NIL,,,MEDICAL MANAGEMENT OF ILD,Hospital-Acquired Infection,Systemic / Respiratory,Respiratory tract,Sputum,Escherichia coli,Gram Negative,Amikacin;Ceftriaxone;Extended Spectrum Pencillins,Ceftazidime,Cefoperazone-Sulbactam,,13400.0,,,0.65,4.8,32.0,,,4+,
58.0,Male,Pulmonology,MEDICAL MANAGEMENT OF PNEUMONIA,NIL,NIL,,,MEDICAL MANAGEMENT OF PNEUMONIA,Hospital-Acquired Infection,Systemic / Respiratory,Respiratory tract,Sputum,Escherichia coli,Gram Negative,Extended Spectrum Pencillins,,Cefoperazone-Sulbactam,,13300.0,,,1.05,3.1,26.0,,,1+,
27.0,Female,Pulmonology,MEDICAL MANAGEMENT OF LUNG ABSCESS,NIL,NIL,,,MEDICAL MANAGEMENT OF LUNG ABSCESS,Hospital-Acquired Infection,Systemic / Respiratory,Respiratory tract,Sputum,Metichillin Resistant Stephylococcus Aureus,Gram Negative,Ceftriaxone;Quinalones,Ciprofloxacin,Cefoperazone-Sulbactam,,8300.0,,,0.61,2.9,17.0,,,Negative,
73.0,Female,Pulmonology,MEDICAL MANAGEMENT OF ESPIRATORY FAILURE,"HTN,T2DM",NIL,,,MEDICAL MANAGEMENT OF ESPIRATORY FAILURE,Hospital-Acquired Infection,Systemic / Respiratory,Respiratory tract,Sputum,Pseudomonas aeruginosa,Gram Negative,Amikacin;Piperacillin,Cefaperazon,Cefaperzone+Sulbactum;Pipperacillin,,24100.0,,,1.5,6.8,66.0,,,Negative,
64.0,Female,Pulmonology,MEDICAL MANAGEMENT OF RESPIRATORY FAILURE,"HTN, T2DM, PTB",NIL,,,MEDICAL MANAGEMENT OF RESPIRATORY FAILURE,Hospital-Acquired Infection,Systemic / Respiratory,Respiratory tract,Sputum,Pseudomonas aeruginosa,Gram Negative,Ceftriaxone;Extended Spectrum Pencillins;Quinalones;Tetreacyclins,Ciprofloxacin,Cefoperazone-Sulbactam,,5100.0,,,0.51,6.3,41.0,,,2+,
28.0,Female,Pulmonology,MEDICAL MANAGEMENT OF EMPHYSEMA,NIL,NIL,,,MEDICAL MANAGEMENT OF EMPHYSEMA,Hospital-Acquired Infection,Systemic / Respiratory,Systemic,Urine,Pseudomonas aeruginosa,Gram Negative,Ceftriaxone;Piperacillin,,Cefoperazone-Sulbactam,,6400.0,,,0.56,3.7,23.0,,,2+,
30.0,Female,Pulmonology,LEFT LOBE CONSOLIDATION,NIL,NIL,,,LEFT LOBE CONSOLIDATION,Hospital-Acquired Infection,Systemic / Respiratory,Respiratory tract,Sputum,Streptococcus pneumoniae,Gram Positive,Ampicillin;Azithromycin;Ciprofloxacin;Co-trimoxazole,,Pipperacilin+Tazobactum,,7100.0,,,0.47,5.2,19.0,,,2+,
70.0,Female,Pulmonology,POST COVID RESPIRATORY FAILURE,DM,NIL,,,POST COVID RESPIRATORY FAILURE,Hospital-Acquired Infection,Systemic / Respiratory,Respiratory tract,Sputum,Pseudomonas aeruginosa,Gram Negative,Azithromycin;Ceftriaxone;Pencillins,Erythromycin,Piperacillin,,8500.0,,,0.31,4.8,20.0,,,2+,
65.0,Male,Pulmonology,PNEUMONIA,NIL,NIL,,,PNEUMONIA,Hospital-Acquired Infection,Systemic / Respiratory,Respiratory tract,Sputum,Klebsiella pneumoniae,Gram Negative,Ampicillin,,Cefoperazone-Sulbactam,,9200.0,,,0.3,4.1,18.0,,,1+,
68.0,Female,Pulmonology,MEDICAL MANAGEMENT OF BRONCHIAL ASTHAMA,HTN,NIL,,,MEDICAL MANAGEMENT OF BRONCHIAL ASTHAMA,Hospital-Acquired Infection,Systemic / Respiratory,Respiratory tract,Sputum,Unspecified Gram-Negative Bacilli,Gram Negative,Ceftazidime;Extended Spectrum Pencillins;Imipenem;Quinalones,Ciprofloxacin,Cefoperazone-Sulbactam,,18400.0,,,0.5,3.9,19.0,,,Negative,
65.0,Male,Pulmonology,MEDICAL MANAGEMENT OF PNEUMONIA,HTN,NIL,,,MEDICAL MANAGEMENT OF PNEUMONIA,Hospital-Acquired Infection,Systemic / Respiratory,Respiratory tract,Sputum,Klebsiella pneumoniae,Gram Negative,Extended Spectrum Pencillins,,Cefoperazone-Sulbactam,,7600.0,,,0.6,4.0,20.0,,,Negative,
58.0,Male,Pulmonology,HYDROPNEUMOTHORAX,NIL,NIL,,,HYDROPNEUMOTHORAX,Hospital-Acquired Infection,Systemic / Respiratory,Respiratory tract,Sputum,Methicilin Resistant Stephylococus Aureus,Gram Negative,Ceftriaxone;Erythromycin;Extended Spectrum Pencillins,Erythromycin,Cefixime;Clindamycin,,6400.0,,,0.7,3.1,19.0,,,2+,
72.0,Male,Pulmonology,MEDICAL MANAGEMENT OF BRONCHIOSTASIS,PTB,NIL,,,MEDICAL MANAGEMENT OF BRONCHIOSTASIS,Hospital-Acquired Infection,Systemic / Respiratory,Respiratory tract,Sputum,Pseudomonas aeruginosa,Gram Negative,Ceftriaxone;Co-trimoxazole;Extended Spectrum Pencillins,,Cefoperazone-Sulbactam,,8000.0,,,0.9,4.1,22.0,,,2+,
72.0,Male,Pulmonology,MEDICAL MANAGEMENT OF RESPIRATORY FAILURE,PTB,NIL,,,MEDICAL MANAGEMENT OF RESPIRATORY FAILURE,Hospital-Acquired Infection,Systemic / Respiratory,Respiratory tract,Sputum,Klebsiella pneumoniae,Gram Negative,Extended Spectrum Pencillins,,Cefoperazone-Sulbactam,,16800.0,,,0.7,4.9,32.0,,,4+,
74.0,Female,Pulmonology,PLEURAL EFFUSION DECREASED EVALUATION,"HTM, T2DM",NIL,,,PLEURAL EFFUSION DECREASED EVALUATION,Hospital-Acquired Infection,Systemic / Respiratory,Respiratory tract,Sputum,Citrobacter freundii,Gram Negative,Ceftriaxone;Extended Spectrum Pencillins,,,,12300.0,,,0.7,3.98,29.0,,,4+,
55.0,Male,Pulmonology,MEDICAL MANAGEMENT OF RESPIRATORY FAILURE,PTB,NIL,,,MEDICAL MANAGEMENT OF RESPIRATORY FAILURE,Hospital-Acquired Infection,Systemic / Respiratory,Respiratory tract,Sputum,Klebsiella pneumoniae,Gram Negative,Extended Spectrum Prncillins,,Ceftriaxone,,15799.0,,,0.8,4.12,22.0,,,Negative,
63.0,Female,Pulmonology,MEDICAL MANAGEMENT OF RESPIRATORY FAILURE,"HTN, PTB",NIL,,,MEDICAL MANAGEMENT OF RESPIRATORY FAILURE,Hospital-Acquired Infection,Systemic / Respiratory,Respiratory tract,Sputum,Pseudomonas aeruginosa,Gram Negative,Piperacillin,,Cefoperazone-Sulbactam,,12300.0,,,0.51,3.98,20.0,,,Negative,
45.0,Female,Pulmonology,RIGHT LOBE CONSOLIDATION WITH T2DM,T2DM,NIL,,,RIGHT LOBE CONSOLIDATION WITH T2DM,Hospital-Acquired Infection,Systemic / Respiratory,Respiratory tract,Sputum,Streptococcus pneumoniae,Gram Positive,Ciprofloxacin;Clindamycin;Co-trimoxazole;Erythromycin,,Pipperacilin+Tazobactum,,11000.0,,,0.43,3.8,19.0,,,4+,
61.0,Female,Pulmonology,MEDICAL MANAGEMENT OF RESPIRATORY FAILURE,NIL,NIL,,,MEDICAL MANAGEMENT OF RESPIRATORY FAILURE,Hospital-Acquired Infection,Systemic / Respiratory,Respiratory tract,Sputum,Pseudomonas aeruginosa,Gram Negative,Amikacin;Ceftriaxone;Co-trimoxazole,,Piperacillin,,4300.0,,,0.5,3.6,18.0,,,4+,
16.0,Female,Pulmonology,CONSOLIDATION IN THE RIGHT MIDDLE AND LEFT LOBE,NIL,NIL,,,CONSOLIDATION IN THE RIGHT MIDDLE AND LEFT LOBE,Hospital-Acquired Infection,Systemic / Respiratory,Respiratory tract,Sputum,Pseudomonas aeruginosa,Gram Negative,(No Resistant For This Organism),,Cefoperazone-Sulbactam,,5600.0,,,0.7,3.7,17.0,,,3+,
34.0,Female,Pulmonology,OBSTRUCTIVE AIRWAY DISEASE,NIL,NIL,,,OBSTRUCTIVE AIRWAY DISEASE,Hospital-Acquired Infection,Systemic / Respiratory,Respiratory tract,Sputum,Staphylococcus aureus,Gram Positive,Ceftriaxone;Clindamycin;Co-trimoxazole;Erythromycin;Quinalones,,Cefoperazone-Sulbactam,,12300.0,,,0.9,5.9,19.0,,,Negative,
70.0,Female,Pulmonology,B/L CONSOLIDATION WITH TYPE1 RESPIRATORY FAILURE,NIL,NIL,,,B/L CONSOLIDATION WITH TYPE1 RESPIRATORY FAILURE,Hospital-Acquired Infection,Systemic / Respiratory,Respiratory tract,Sputum,Klebsiella pneumoniae,Gram Negative,Ceftriaxone;Extended Spectrum Pencillins,,Cefoperazone-Sulbactam,,15000.0,,,1.5,3.9,43.0,,,Negative,
45.0,Female,Pulmonology,MEDICAL MANAGEMENT OF RESPIRATORY FAILURE,nil,nil,,,MEDICAL MANAGEMENT OF RESPIRATORY FAILURE,Hospital-Acquired Infection,Systemic / Respiratory,Respiratory tract,Sputum,Streptococcus pneumoniae,Gram Positive,Ampicillin;Azithromycin;Co-trimoxazole;Erythromycin,,Cefoperazone-Sulbactam,,12900.0,,,0.67,4.2,29.0,,,4+,
47.0,Female,Pulmonology,PNEUMONIA WITH PULMONALE WITH HOMEOPATHIC DECREASED EVALUATION,NIL,NIL,,,PNEUMONIA WITH PULMONALE WITH HOMEOPATHIC DECREASED EVALUATION,Hospital-Acquired Infection,Systemic / Respiratory,Respiratory tract,Sputum,Streptococcus pneumoniae,Gram Positive,Ampicillin;Azithromycin;Clindamycin;Erythromycin,,Cefoperazone-Sulbactam,,11900.0,,,0.4,4.0,23.0,,,4+,
55.0,Male,Pulmonology,OAD WITH MIDDLE LOBE CONSOLIDATION,NIL,NIL,,,OAD WITH MIDDLE LOBE CONSOLIDATION,Hospital-Acquired Infection,Systemic / Respiratory,Respiratory tract,Sputum,Acenobacter Species,Gram Negative,Ampicillin,,Cefoperazone-Sulbactam,,17700.0,,,0.9,4.9,33.0,,,Negative,
50.0,Female,Pulmonology,BILATERAL BRONCHEAOSTASIS,NIL,NIL,,,BILATERAL BRONCHEAOSTASIS,Hospital-Acquired Infection,Systemic / Respiratory,Respiratory tract,Sputum,Klebsiella pneumoniae,Gram Negative,Extended Spectrum Pencillins,,Cefoperazone-Sulbactam,,7300.0,,,0.7,3.8,21.0,,,4+,
70.0,Male,Pulmonology,RT THICKWALLED CAVITY WITH T2DM,T2DM,NIL,,,RT THICKWALLED CAVITY WITH T2DM,Hospital-Acquired Infection,Systemic / Respiratory,Respiratory tract,Sputum,Klebsiella pneumoniae,Gram Negative,Ceftriaxone;Co-trimoxazole;Extended Spectrum Pencillins;Imipenem;Quinalones,,Meropenem,,9200.0,,,0.9,4.1,30.0,,,Negative,
24.0,Male,Pulmonology,MEDICAL MANAGEMENT OF EMPHYSEMA,NIL,NIL,,,MEDICAL MANAGEMENT OF EMPHYSEMA,Hospital-Acquired Infection,Systemic / Respiratory,Respiratory tract,Sputum,Klebsiella pneumoniae,Gram Negative,Extended Spectrum Pencillins,,Ceftriaxone,,6200.0,,,0.7,3.8,22.0,,,3+,
60.0,Male,Pulmonology,MEDICAL MANAGEMENT OF PNEUMONIA,T2DM,NIL,,,MEDICAL MANAGEMENT OF PNEUMONIA,Hospital-Acquired Infection,Systemic / Respiratory,Respiratory tract,Sputum,Klebsiella pneumoniae,Gram Negative,Ceftriaxone;Ciprofloxacin;Co-trimoxazole;Extended Spectrum Pencillins,,Piperacillin-Tazobactam,,9100.0,,,0.74,5.9,39.0,,,Negative,
70.0,Male,Pulmonology,PTB SEQUEL WITH RIGHT UPPER LIMB FIBROSIS WITH HTN,"HTN, OLD PTB",NIL,,,PTB SEQUEL WITH RIGHT UPPER LIMB FIBROSIS WITH HTN,Hospital-Acquired Infection,Systemic / Respiratory,Respiratory tract,Sputum,Unspecified Gram-Negative Bacilli,Gram Negative,Ceftriaxone;Co-trimoxazole;Extended Spectrum Pencillins;Pencillin;Quinalones,,Cefoperazone-Sulbactam,,10300.0,,,0.76,4.7,23.0,,,3+,
49.0,Male,General Medicine,"ONE AND HALF YEAR OLD INFECTED,UNITED RIGHT PROXIMAL TIBIA FRACTURE WITH IMPLANT INSITU",HTN,NIL,,,"ONE AND HALF YEAR OLD INFECTED,UNITED RIGHT PROXIMAL TIBIA FRACTURE WITH IMPLANT INSITU",Hospital-Acquired Infection,Systemic / Respiratory,Systemic,Pus,Pseudomonas aeruginosa,Gram Negative,Ceftazidime;Co-trimoxazole;Extended Spectrum Pencillin,Cefoperazone-Sulbactam,Metronidazole,,6500.0,,,,,,,,Negative,
63.0,Female,General Medicine,"CAD ACI, NSTEMI","HTN, OLD PTB",NIL,,,"CAD ACI, NSTEMI",Hospital-Acquired Infection,Systemic / Respiratory,Respiratory tract,Sputum,Klebsiella pneumoniae,Gram Negative,Amoxicillin-Clavulanate;Cefixime;Co-trimoxazole,,Ceftriaxone,,42900.0,,,1.48,9.8,77.0,,,Negative,
60.0,Male,Pulmonology,MEDICAL MANAGEMENT OF REPIRATORY FAILURE,"DM,HTN",NIL,,,MEDICAL MANAGEMENT OF REPIRATORY FAILURE,Hospital-Acquired Infection,Systemic / Respiratory,Respiratory tract,Sputum,Citro Bacteria,Gram Negative,Cefoperazone-Sulbactam;Cefotaxime;Ceftazidime;Ceftriaxone;Piperacillin,,Piperacillin-Tazobactam,,5500.0,,,1.02,3.3,33.0,,,3+,
21.0,Male,Pulmonology,MEDICAL MANAGEMENT OF RESPIRATORY FAILURE,NIL,NIL,,,MEDICAL MANAGEMENT OF RESPIRATORY FAILURE,Hospital-Acquired Infection,Systemic / Respiratory,Respiratory tract,Sputum,Pseudomonas aeruginosa,Gram Negative,Ciprofloxacin,Cefoperazone-Sulbactam,Piperacilin-Tazobactum,,7300.0,,,0.53,4.9,14.0,,,4+,
40.0,Male,Pulmonology,MEDICAL MANAGEMENT OF RESPIRATORY FAILURE,NIL,NIL,,,MEDICAL MANAGEMENT OF RESPIRATORY FAILURE,Hospital-Acquired Infection,Systemic / Respiratory,Respiratory tract,Sputum,Klebsiella pneumoniae,Gram Negative,Amikacin;Ampicillin;Cefoperazone-Sulbactam;Ceftazidime;Ceftriaxone;Ciporfloxacin;Piperacillin,,,,9400.0,,,0.88,4.6,24.0,,,3+,
48.0,Male,Pulmonology,MEDICAL MANAGEMENT OF REPIRATORY FAILURE,PTB,NIL,,,MEDICAL MANAGEMENT OF REPIRATORY FAILURE,Hospital-Acquired Infection,Systemic / Respiratory,Respiratory tract,Sputum,Pseudomonas aeruginosa,Gram Negative,Ceftazidime;Clostin,,Cefoperazone-Sulbactam,,11700.0,,,0.48,3.7,30.0,,,Negative,
75.0,Male,Pulmonology,MEDICAL MANAGEMENT OF REPIRATORY FAILURE,"HTN,DM,PTB",NIL,,,MEDICAL MANAGEMENT OF REPIRATORY FAILURE,Hospital-Acquired Infection,Systemic / Respiratory,Respiratory tract,Sputum,Pseudomonas aeruginosa,Gram Negative,Ceftazidime,,Piperacillin-Tazobactam,,15000.0,,,1.57,5.6,58.0,,,4+,
83.0,Male,Pulmonology,MEDICAL MANAGEMENT OF EMPHYSEMA,HTN,NIL,,,MEDICAL MANAGEMENT OF EMPHYSEMA,Hospital-Acquired Infection,Systemic / Respiratory,Respiratory tract,Sputum,Klebsiella pneumoniae,Gram Negative,Amikacin;Ceftazidime;Piperacillin,,Cefoperazone-Sulbactam,,2700.0,,,0.0,0.0,0.0,,,Negative,
75.0,Male,Pulmonology,COPD WITH PTB SEQUEL WITH TYPE 2 RESPIRATORY FAILURE,PTB,NIL,,,COPD WITH PTB SEQUEL WITH TYPE 2 RESPIRATORY FAILURE,Hospital-Acquired Infection,Systemic / Respiratory,Respiratory tract,Sputum,Klebsiella pneumoniae,Gram Negative,Amikacin;Ampicillin;Ceftazidime;Piperacillin,,Cefoperazone-Sulbactam,,8300.0,,,0.51,2.9,29.0,,,3+,
65.0,Male,Pulmonology,OBSTRUCTIVE AIRWAY DISEASE,PTB,NIL,,,OBSTRUCTIVE AIRWAY DISEASE,Hospital-Acquired Infection,Systemic / Respiratory,Respiratory tract,Sputum,Klebsiella pneumoniae,Gram Negative,Amikacin;Ceftazidime;Imipenem;Piperacillin,,Cefoperazone-Sulbactam,,9000.0,,,0.8,5.1,24.0,,,Negative,
14.0,Female,General Surgery,NON HEALING ULCER OVER LEFT HAND &RIGHT ANKLE,NIL,NIL,,,NON HEALING ULCER OVER LEFT HAND &RIGHT ANKLE,Hospital-Acquired Infection,Systemic / Respiratory,Systemic,Swab,Pseudomonas aeruginosa,Gram Negative,Ceftazidime,Ceftazidime,Amikacin;Ceftriaxone,,5200.0,,,,,,,,Negative,
65.0,Female,General Medicine,ACUTE GASTEROETERITIS,NIL,NIL,,,ACUTE GASTEROETERITIS,Complicated UTI,Cystitis,Urinary tract,Urine,Unspecified Gram-Negative Bacilli,Gram Negative,Ampicillin;Cefotaxime;Ceftazidime;Piperacillin;Quinalones,,Ciprofloxacin,,7500.0,,,0.56,2.0,23.0,,,4+,
57.0,Male,General Surgery,CELLULITIS OF LEFT LOWER LIMB,CAD,NIL,,,CELLULITIS OF LEFT LOWER LIMB,Hospital-Acquired Infection,Systemic / Respiratory,Systemic,Swab,Klebsiella pneumoniae,Gram Negative,Amoxicillin-Clavulanate;Cefoperazone-Sulbactam;Ceftazidime;Ceftriaxone;Co-trimoxazole;Quinalones,,Linezolid;Piperacillin-Tazobactam,,9600.0,,,0.78,3.5,23.0,,,Negative,
21.0,Female,Obstetrics & Gynecology,g2p1l1 with prior lscs,asthama,nil,,,g2p1l1 with prior lscs,Complicated UTI,Cystitis,Urinary tract,Urine,Escherichia coli,Gram Negative,Ampicillin;Ceftazidime,Ampicillin,Cefoperazone-Sulbactam,,10100.0,,,0.49,5.0,16.0,,,Negative,
22.0,Female,Obstetrics & Gynecology,P2L2 WITH CAESAREAN HYSTERECTOMY DECREASED CESA,NIL,NIL,,,P2L2 WITH CAESAREAN HYSTERECTOMY DECREASED CESA,Complicated UTI,Cystitis,Urinary tract,Urine,Staphylococus Epidermidis,Gram Negative,Cefazolin;Cefoxitin;Co-trimoxazole,Cefoxitin,Cefoperazone-Sulbactam,,10400.0,,,0.52,2.6,17.0,,,2+,
63.0,Male,Pulmonology,RIGHT DESTROYED LUNG WITH IE,OLD PTB,NIL,,,RIGHT DESTROYED LUNG WITH IE,Hospital-Acquired Infection,Systemic / Respiratory,Respiratory tract,Sputum,Escherichia coli,Gram Negative,Amikacin;Cephalosporin;Ciprofloxacin;Extended Spectrum Penicillin,Amoxicillin;Clavulonic Acid,Piperacillin,,17000.0,,,0.96,2.5,36.0,,,4+,
23.0,Female,Pediatrics,FCH/AGA/EMLSCS,NIL,NIL,,,FCH/AGA/EMLSCS,Hospital-Acquired Infection,Systemic / Respiratory,Systemic,Blood,Methicilin Resistant Stephylococus Aureus,Gram Negative,Amoxicillin;Cefazolin;Cefoxitin,Cefazolin,Cefotoxime,,22000.0,,,1.2,7.1,43.0,,,1+,
1.0,Female,Pediatrics,LACERATION OVER LATERAL SIDE OF RIGHT LOWER LIMB,NIL,NIL,,,LACERATION OVER LATERAL SIDE OF RIGHT LOWER LIMB,Hospital-Acquired Infection,Systemic / Respiratory,Systemic,Blood,Citrobacter freundii,Gram Negative,Cefoperazone+Sulbactum;Ceftazidime;Extended Spectrum Penicillin,,Cefotoxime,,18500.0,,,0.69,3.0,24.0,,,4+,
19.0,Female,Obstetrics & Gynecology,GESTATIONAL THROMBOCYTOPENIA,NIL,NIL,,,GESTATIONAL THROMBOCYTOPENIA,Hospital-Acquired Infection,Systemic / Respiratory,Systemic,Swab,Escherichia coli,Gram Negative,Ceftriaxone;Extended Spectrum Penicillin,Ceftazime,Ceftriaxome,,10800.0,,,0.44,3.0,16.0,,,1+,
20.0,Female,Pulmonology,PTB WITH SEQUALE WITH UPPER LUNG CAVITY LESION,PTB,NIL,,,PTB WITH SEQUALE WITH UPPER LUNG CAVITY LESION,Hospital-Acquired Infection,Systemic / Respiratory,Respiratory tract,Sputum,Staphylococus Aureus,Gram Negative,Ciprofloxacin,Clindamycin,Cefoperazone-Sulbactam,,10700.0,,,0.66,3.0,15.0,,,Negative,
8.0,Female,Pediatrics,"BIRTH OSPHYXIA,NEONATAL SEIZURES",NIL,NL,,,"BIRTH OSPHYXIA,NEONATAL SEIZURES",Hospital-Acquired Infection,Systemic / Respiratory,Systemic,Blood,Pseudomonas aeruginosa,Gram Negative,Amikacin;Ceftazidime;Netilmycin;Piperacillin,,,,16400.0,,,0.88,4.4,22.0,,,4+,
56.0,Female,Nephrology,PYLONEPHRITIS WITH AKI WITH PULMONORY EDEMA,DM,NIL,,,PYLONEPHRITIS WITH AKI WITH PULMONORY EDEMA,Complicated UTI,Cystitis,Urinary tract,Urine,Escherichia coli,Gram Negative,Nalidixic Acid;Piperacillin,Cefoperazone-Sulbactam,Ciproflacin,,,,,0.88,4.4,47.0,,,4+,
24.0,Female,Obstetrics & Gynecology,P2L2 WITH ELESCS DECREASED SA,NIL,NIL,,,P2L2 WITH ELESCS DECREASED SA,Hospital-Acquired Infection,Systemic / Respiratory,Systemic,Swab,Methicilin Resistant Stephylococus Aureus,Gram Negative,Cefaxitine;Clindamycin,Cefaxitin,Amikacin,,9500.0,,,0.58,5.9,17.0,,,Negative,
75.0,Male,Pulmonology,RESPIRATORY FALURE,NIL,NIL,,,RESPIRATORY FALURE,Hospital-Acquired Infection,Systemic / Respiratory,Respiratory tract,Sputum,Pseudomonas aeruginosa,Gram Negative,Ceftazidime,Ceftazidime,Piperacillin,,15000.0,,,0.18,4.3,22.0,,,1+,
70.0,Female,Pulmonology,OBSTRUCTIVE AIRWAY DISEASE WITH LOWER RESPIRATORY TRACT INFECTION WITH HYPONATREIMIA,HTN,NIL,,,OBSTRUCTIVE AIRWAY DISEASE WITH LOWER RESPIRATORY TRACT INFECTION WITH HYPONATREIMIA,Hospital-Acquired Infection,Systemic / Respiratory,Respiratory tract,Sputum,Pseudomonas aeruginosa,Gram Negative,Cefapreazone+Sulbactum,,Cefoperazone-Sulbactam;Pipperacillin,,10100.0,,,0.2,2.9,19.0,,,Negative,
66.0,Female,Pulmonology,MEDICAL MANANGEMENT OF RESPIRATORY FAILURE,OLD PTB,NIL,,,MEDICAL MANANGEMENT OF RESPIRATORY FAILURE,Hospital-Acquired Infection,Systemic / Respiratory,Respiratory tract,Sputum,Streptococcus pneumoniae,Gram Positive,Ampicillin;Azithromycin;Co-trimoxazole;Doxycycline;Erythromycin,,Cefapreazone+Sulbactum,,11800.0,,,1.4,4.8,22.0,,,Negative,
55.0,Male,Pulmonology,MEDICAL MANAGEMENT OF REPIRATORY FAILURE,OLD PTB,NIL,,,MEDICAL MANAGEMENT OF REPIRATORY FAILURE,Hospital-Acquired Infection,Systemic / Respiratory,Respiratory tract,Sputum,Pseudomonas aeruginosa,Gram Negative,Ciprofloxacin,,Cefoperazone-Sulbactam,,12100.0,,,1.9,3.3,29.0,,,2+,
40.0,Male,Pulmonology,MEDICAL MANAGEMENT OF PNEUMONIA,NIL,NIL,,,MEDICAL MANAGEMENT OF PNEUMONIA,Hospital-Acquired Infection,Systemic / Respiratory,Respiratory tract,Sputum,Pseudomonas aeruginosa,Gram Negative,,,Cefapreazone+Sulbactum,,11800.0,,,1.3,2.5,31.0,,,Negative,
30.0,Male,Pulmonology,MEDICAL MANAGEMENT OF BRONCHIAL ASTHAMA,NIL,NIL,,,MEDICAL MANAGEMENT OF BRONCHIAL ASTHAMA,Hospital-Acquired Infection,Systemic / Respiratory,Respiratory tract,Sputum,Klebsiella pneumoniae,Gram Negative,Amoxycycllin+Clavulonic Acid;Ampicillin;Ceftazidime;Piperacillin;Tigecycline,,Ceftriaxone,,7000.0,,,0.78,3.1,21.0,,,4+,
48.0,Female,Pulmonology,MEDICAL MANAGEMENT OF RESPIRATORY FAILURE,NIL,NIL,,,MEDICAL MANAGEMENT OF RESPIRATORY FAILURE,Hospital-Acquired Infection,Systemic / Respiratory,Respiratory tract,Sputum,Klebsiella pneumoniae,Gram Negative,Amikacin;Amoxycycllin+Clavulonic Acid;Ampicillin;Ceftazidime;Co-trimoxazole;Piperacillin,,Cefoperazone-Sulbactam,,15300.0,,,0.9,4.8,65.0,,,2+,
75.0,Female,Pulmonology,MEDICAL MANAGEMENT OF RESPIRATORY FAILURE,NIL,NIL,,,MEDICAL MANAGEMENT OF RESPIRATORY FAILURE,Hospital-Acquired Infection,Systemic / Respiratory,Respiratory tract,Sputum,Staphylococcus aureus,Gram Positive,Co-trimoxazole;Colistin;Erythromycin;Linzolid,,Cefoperazone-Sulbactam,,16500.0,,,1.6,5.1,56.0,,,2+,
65.0,Female,Pulmonology,MEDICAL MANAGEMENT OF REPIRATORY FAILURE,OLD PTB,NIL,,,MEDICAL MANAGEMENT OF REPIRATORY FAILURE,Hospital-Acquired Infection,Systemic / Respiratory,Respiratory tract,Sputum,Klebsiella pneumoniae,Gram Negative,Ampicillin;Co-trimoxazole,,Cefoperazone-Sulbactam,,15100.0,,,1.2,4.7,45.0,,,3+,
74.0,Female,General Medicine,INTERSTITIAL PNEUMONIA,NIL,NIL,,,INTERSTITIAL PNEUMONIA,Hospital-Acquired Infection,Systemic / Respiratory,Respiratory tract,Sputum,Citrobacter freundii,Gram Negative,Ampicillin;Ceftazidime,,Amoxicillin-Clavulanate;Clarithromycin,,22700.0,,,0.59,3.2,25.0,,,2+,
55.0,Female,General Medicine,INFECTED IMPLANT AT RIGHT ELBOW,"HTN,DM",NIL,,,INFECTED IMPLANT AT RIGHT ELBOW,Hospital-Acquired Infection,Systemic / Respiratory,Systemic,Pus,Unspecified Gram-Positive Cocci,Gram Positive,Ciprofloxacin;Erythromycin;Ofloxacin,Ciprofloxacin,Cefoperazone-Sulbactam;Linezolid,,4000.0,,,0.71,5.1,16.0,,,Negative,
48.0,Male,General Surgery,RIGHT SIDE GLUTEAL ABSCESS,NIL,NIL,,,RIGHT SIDE GLUTEAL ABSCESS,Hospital-Acquired Infection,Systemic / Respiratory,Systemic,Pus,Escherichia coli,Gram Negative,Ampicillin;Cefaperazome-Sulbactum;Cefotaxime;Ceftazidime;Co-trimoxazole;Imipenem;Piperacillin;Quinalones,,Linezolid,,19000.0,,,1.1,0.0,0.0,,,Negative,
50.0,Male,General Surgery,PERIANAL ABSCESS WITH LOWER LIMB CELLULITIS,"DM,CAD",NIL,,,PERIANAL ABSCESS WITH LOWER LIMB CELLULITIS,Hospital-Acquired Infection,Systemic / Respiratory,Systemic,Pus,Staphylococcus aureus,Gram Positive,Amoxicillin-Clavulanate;Cefazolin;Cefoxitin;Ciprofloxacin;Erythromycin;Gentamicin;Ofloxacin,Erythromycin,Linezolid;Metronidazole,,9400.0,,,0.96,0.0,0.0,,,Negative,
49.0,Male,General Surgery,LEFT SIDED HYDOCELE WITH RIGHT SIDED SCROTUM ABSCESS,NIL,NIL,,,LEFT SIDED HYDOCELE WITH RIGHT SIDED SCROTUM ABSCESS,Hospital-Acquired Infection,Systemic / Respiratory,Systemic,Pus,Staphylococcus aureus,Gram Positive,Amoxicillin-Clavulanate;Cefoxitin;Ciprofloxacin;Erythromycin;Sparfloxacin,Erythromycin,Linezolid,,7400.0,,,0.94,0.0,0.0,,,Negative,
64.0,Male,General Medicine,FEVER DECREASED EVALUATION,NIL,NIL,,,FEVER DECREASED EVALUATION,Hospital-Acquired Infection,Systemic / Respiratory,Systemic,Blood,Escherichia coli,Gram Negative,Ampicilllin;Ceftriaxone,,Cefoperazone-Sulbactam;Ceftriaxomne,,7200.0,,,1.25,4.8,62.0,,,4+,
53.0,Female,Pulmonology,MEDICAL MANAGEMENT OF RESPIRATORY FAILURE,"DM,HTN",NIL,,,MEDICAL MANAGEMENT OF RESPIRATORY FAILURE,Hospital-Acquired Infection,Systemic / Respiratory,Respiratory tract,Sputum,Klebsiella pneumoniae,Gram Negative,Ampicillin,,Cefoperazone-Sulbactam,,7000.0,,,1.1,3.1,40.0,,,3+,
34.0,Female,Obstetrics & Gynecology,P1L1A1 WITH ELECTIVE LSCS DECREASED SA,HYPOTHYROIDISM,NIL,,,P1L1A1 WITH ELECTIVE LSCS DECREASED SA,Complicated UTI,Cystitis,Urinary tract,Urine,Stephylococcus Species,Gram Negative,Co-trimoxazole;Norfloxacin,Norfloxacin,Amikacin;Cefoperazone-Sulbactam,,10000.0,,,0.5,3.4,14.0,,,Negative,
25.0,Female,Obstetrics & Gynecology,P2L2 WITH EMERGENCY LSCS DECREASED SA,NIL,NIL,,,P2L2 WITH EMERGENCY LSCS DECREASED SA,Hospital-Acquired Infection,Systemic / Respiratory,Systemic,Swab,Klebsiella pneumoniae,Gram Negative,Ampicillin,Ampicillin,Amikacin;Cefoperazone-Sulbactam,,12000.0,,,0.53,3.57,15.0,,,Negative,
40.0,Male,Urology,URINARY TRACT INFECTION,DM,NIL,,,URINARY TRACT INFECTION,Complicated UTI,Cystitis,Urinary tract,Urine,Escherichia coli,Gram Negative,Ampicillin;Ceftriaxone;Ciprofloxacin,Ampicillin,Cefoperazone-Sulbactam,,9700.0,,,3.99,3.4,56.0,,,Negative,
64.0,Female,Urology,URINARY TRACT INFECTION,NIL,NIL,,,URINARY TRACT INFECTION,Complicated UTI,Cystitis,Urinary tract,Urine,Escherichia coli,Gram Negative,Ceftriaxone;Quinalones,Ampicillin,Cefpoperazone+Sulbactum,,9700.0,,,3.99,3.4,56.0,,,Negative,
29.0,Female,Urology,URINARY TRACT INFECTION,NIL,NIL,,,URINARY TRACT INFECTION,Complicated UTI,Cystitis,Urinary tract,Urine,Escherichia coli,Gram Negative,Ceftriaxone;Ciprofloxacin;Ticarcillin,Cefixime,Doxycycline,,9700.0,,,3.99,3.4,56.0,,,Negative,
69.0,Female,Nephrology,TYPE 2 DIABETES WITH AKI ON CKD,DM,NIL,,,TYPE 2 DIABETES WITH AKI ON CKD,Complicated UTI,Cystitis,Urinary tract,Urine,Klebsiella pneumoniae,Gram Negative,Ampicillin;Ceftriaxone;Nitrofurantoin,Amikacin,Linezolid,,9600.0,,,1.57,1.5,22.0,,,1+,
58.0,Male,Nephrology,OLD CVA WITH CKD,CVA,NIL,,,OLD CVA WITH CKD,Hospital-Acquired Infection,Systemic / Respiratory,Respiratory tract,Sputum,Unspecified Gram-Negative Bacilli,Gram Negative,Cefixime;Co-trimoxazole;Tetracyclins,Nitrofurantoin,Cefoperazone-Sulbactam,,9600.0,,,6.1,2.0,103.0,,,Negative,
69.0,Male,Nephrology,HYPERTENSION WITH TYPE 2 DIABETES WITH NEPHROGENIC PULMONORY EDEMAWITH AKI WITH COPD,"HTN,DM",NIL,,,HYPERTENSION WITH TYPE 2 DIABETES WITH NEPHROGENIC PULMONORY EDEMAWITH AKI WITH COPD,Complicated UTI,Cystitis,Urinary tract,Urine,Coagulase Negative Staphylacoccus,Gram Negative,Azithromycin;Cefaxitin;Clarithromycin;Clindamycin;Levofloxacin,Clarithromycin,Cefoperazone-Sulbactam,,19700.0,,,3.39,5.8,37.0,,,1+,
58.0,Male,Nephrology,CKD/CIN ON MEDICAL MANAGEMENT WITH HTN WITH UTI,HTN,NIL,,,CKD/CIN ON MEDICAL MANAGEMENT WITH HTN WITH UTI,Complicated UTI,Cystitis,Urinary tract,Urine,Unspecified Gram-Negative Bacilli,Gram Negative,Amoxiclav;Ceftriaxone;Meropenum;Nitrofurantoin;Piperacillin,Ceftazidime,Levofloxacin,,4400.0,,,6.1,2.7,120.0,,,3+,
65.0,Female,Nephrology,NON RESOLVING RENAL FAILURE WITH AKI,NIL,NIL,,,NON RESOLVING RENAL FAILURE WITH AKI,Complicated UTI,Cystitis,Urinary tract,Urine,Escherichia coli,Gram Negative,Aztreonam,Aztreonam,Meropenum;Orpenum,,10600.0,,,2.8,7.6,106.0,,,Negative,
25.0,Female,Obstetrics & Gynecology,P2L2 WITH EMERGENCY LSCS DECREASED SA,HYPOTHYROIDISM,NIL,,,P2L2 WITH EMERGENCY LSCS DECREASED SA,Hospital-Acquired Infection,Systemic / Respiratory,Systemic,Swab,Klebsiella pneumoniae,Gram Negative,Ampicillin,Ampicillin,Amikacin;Cefoperazone-Sulbactam,,10800.0,,,0.53,3.7,15.0,,,Negative,
75.0,Male,General Surgery,LEFT LOWER LIMB CELLULITIS,HTN,NIL,,,LEFT LOWER LIMB CELLULITIS,Hospital-Acquired Infection,Systemic / Respiratory,Systemic,Pus,Klebsiella pneumoniae,Gram Negative,Amikacin;Ceftriaxone;Extended Spectrum Penicillin;Sparfloxacin,Piperacillin,Ciprofloxacin;Clindamycin,,5700.0,,,0.53,3.7,15.0,,,Negative,
74.0,Male,Nephrology,UTI WITH OBSTRUCTIVE UROPATHY WITH NEPHRITIC NEPHROTIC SYNDROME,"HTN,DM",NIL,,,UTI WITH OBSTRUCTIVE UROPATHY WITH NEPHRITIC NEPHROTIC SYNDROME,Complicated UTI,Cystitis,Urinary tract,Urine,Unspecified Gram-Negative Bacilli,Gram Negative,Ceftriaxone;Ciprofloxacin,Amoxiclav,Cefoperazone-Sulbactam,,11500.0,,,1.15,3.9,20.0,,,Negative,
39.0,Male,Nephrology,CKD WITH NEPHROPATHY,NIL,NIL,,,CKD WITH NEPHROPATHY,Hospital-Acquired Infection,Systemic / Respiratory,Systemic,Blood,Unspecified Gram-Negative Bacilli,Gram Negative,Amikacin;Amoxiclav;Ceftriaxone;Gentamicin;Levofloxacin,Amikacin,Meropenum;Tigecyclin,,8800.0,,,5.54,6.7,156.0,,,Negative,
56.0,Female,Nephrology,URINARY TRACT INFECTION,NIL,NIL,,,URINARY TRACT INFECTION,Complicated UTI,Cystitis,Urinary tract,Urine,Escherichia coli,Gram Negative,Amoxicilin;Cefataxime;Ciprofloxacin;Nalidixic Acid;Piperacillin,Ciprofloxacin,Meropenum,,8900.0,,,2.3,4.7,47.0,,,4+,
49.0,Male,Nephrology,AKI RENAL BIOPSY WITH UTI,DM,NIL,,,AKI RENAL BIOPSY WITH UTI,Complicated UTI,Cystitis,Urinary tract,Urine,Escherichia coli,Gram Negative,Amoxiclav;Ceftriaxone;Ciprofloxacin;Gentamicin,Nitrofurantoin,Cefoperazone-Sulbactam,,12000.0,,,2.9,9.0,86.0,,,4+,
77.0,Male,Pulmonology,PNEUMATIC WITH EFFUSION WITH TYPE 2 DIABETES WITH HTN,"HTN,DM",NIL,,,PNEUMATIC WITH EFFUSION WITH TYPE 2 DIABETES WITH HTN,Hospital-Acquired Infection,Systemic / Respiratory,Respiratory tract,Sputum,Streptococus Species,Gram Negative,Ampicillin;Ciprofloxacin;Erythromycin,Amoxicillin,Piperacillin,,12000.0,,,2.9,9.0,86.0,,,4+,
40.0,Female,Pulmonology,BRONCHIAL ASTHMA,NIL,NIL,,,BRONCHIAL ASTHMA,Hospital-Acquired Infection,Systemic / Respiratory,Respiratory tract,Sputum,Citrobacter freundii,Gram Negative,Ceftazidime;Extended Spectrum Penicillin,Piperacillin,Ceftriaxone,,12000.0,,,2.9,9.0,86.0,,,4+,
50.0,Female,Pulmonology,RESPIRATORY FAILURE,NIL,NIL,,,RESPIRATORY FAILURE,Hospital-Acquired Infection,Systemic / Respiratory,Respiratory tract,Sputum,Klebsiella pneumoniae,Gram Negative,Ampicillin;Piperacillin,Ampicillin,,,12000.0,,,2.9,9.0,86.0,,,4+,
18.0,Female,Pulmonology,BRONCHIACTASIS,NIL,NIL,,,BRONCHIACTASIS,Hospital-Acquired Infection,Systemic / Respiratory,Respiratory tract,Sputum,Pseudomonas aeruginosa,Gram Negative,Ceftazidime;Extended Spectrum Penicillin,Piperacillin,Piperacillin,,9700.0,,,0.53,3.7,15.0,,,Negative,
65.0,Male,Pulmonology,RESPIRATORY FAILURE,NIL,NIL,,,RESPIRATORY FAILURE,Hospital-Acquired Infection,Systemic / Respiratory,Respiratory tract,Sputum,Streptococus Pneumoniae,Gram Negative,Ampicillin;Azitromycin;Clindamycin;Co-trimoxazole;Erythromycin,Ciprofloxacin,Cefoperazone-Sulbactam,,10000.0,,,0.5,3.4,14.0,,,Negative,
74.0,Male,Pulmonology,PLEURAL EFFUSION DECREASED EVALUATION,"HTN,DM",NIL,,,PLEURAL EFFUSION DECREASED EVALUATION,Hospital-Acquired Infection,Systemic / Respiratory,Respiratory tract,Sputum,Citrobacter freundii,Gram Negative,Ceftriaxone;Extended Spectrum Penicillin,Piperacillin,Ciprofloxacin,,5700.0,,,1.5,3.9,20.0,,,Negative,
70.0,Female,Pulmonology,PLEURAL EFFUSION WITH INFECTION ASSOCIATION,NIL,NIL,,,PLEURAL EFFUSION WITH INFECTION ASSOCIATION,Hospital-Acquired Infection,Systemic / Respiratory,Respiratory tract,Sputum,Unspecified Gram-Negative Bacilli,Gram Negative,Ceftriaxone;Extended Spectrum Penicillin,Ceftazidime,,,7200.0,,,1.25,4.8,62.0,,,4+,
55.0,Female,Pulmonology,RESPIRATORY FAILURE WITH HYPERTENSION,HTN,NIL,,,RESPIRATORY FAILURE WITH HYPERTENSION,Hospital-Acquired Infection,Systemic / Respiratory,Respiratory tract,Sputum,Unspecified Gram-Negative Bacilli,Gram Negative,Amikacin;Ampicillin;Ceftazidime,Amoxicillin,Cefoperazone-Sulbactam,,9600.0,,,0.5,3.4,14.0,,,Negative,
55.0,Male,Pulmonology,BRONCHIAL ASTHMA,NIL,NIL,,,BRONCHIAL ASTHMA,Hospital-Acquired Infection,Systemic / Respiratory,Respiratory tract,Sputum,Strptococus Pneumoniae,Gram Negative,Azithromycin,Erythromycin,Ceftriaxone,,4400.0,,,3.3,5.8,37.0,,,1+,
46.0,Male,Nephrology,AKI OVER CKD WITH UTI,"TYPE2 DM ,HTN",NIL,,,AKI OVER CKD WITH UTI,Complicated UTI,Cystitis,Urinary tract,Blood,Escherichia coli,Gram Negative,Ceftriaxone;Ciprofloxacin;Co-trimoxazole;Doxycycline,Ciprofloxacin,Cefoperazone-Sulbactam,,11800.0,,,4.5,6.3,103.0,,,1+,
44.0,Female,Urology,RIGHT OVARIAN CYST WITH UTI,NIL,NIL,,,RIGHT OVARIAN CYST WITH UTI,Complicated UTI,Cystitis,Urinary tract,Urine,Stephylococus Aureus,Gram Negative,Nalidixic Acid,Nalidixic Acid,Cefoperazone-Sulbactam,,7800.0,,,4.5,6.3,103.0,,,1+,
85.0,Male,General Medicine,OBSTRUCTIVE UROPATHY WITH UTI,NIL,NIL,,,OBSTRUCTIVE UROPATHY WITH UTI,Complicated UTI,Cystitis,Urinary tract,Urine,Unspecified Gram-Negative Bacilli,Gram Negative,Amoxiclav;Ampicillin,Amoxiclav,Cefoperazone-Sulbactam,,14500.0,,,4.2,3.07,40.0,,,3+,
38.0,Male,Nephrology,AMPYLOID NEPHROPATHY ON STEROID WITH UTI,NIL,NIL,,,AMPYLOID NEPHROPATHY ON STEROID WITH UTI,Complicated UTI,Cystitis,Urinary tract,Urine,Klebsiella pneumoniae,Gram Negative,Amoxiclav;Ceftriaxone;Doxycycline;Nitrofuratoin,Cefixime,Meropenum,,14000.0,,,1.05,5.35,32.0,,,3+,
17.0,Male,Nephrology,ACUTE GASTROENTERIES WITH UTI,NIL,NIL,,,ACUTE GASTROENTERIES WITH UTI,Complicated UTI,Cystitis,Urinary tract,Urine,Escherichia coli,Gram Negative,Amikacin;Ceftriaxone;Ciprofloxacin;Co-trimoxazole;Doxycycline,Piperacillin,Cefoperazone-Sulbactam,,7800.0,,,1.05,5.35,32.0,,,3+,
73.0,Male,Nephrology,AKI WITH UTI,TYPE2 DM,NIL,,,AKI WITH UTI,Complicated UTI,Cystitis,Urinary tract,Urine,Klebsiella pneumoniae,Gram Negative,Amikacin;Amoxiclav;Co-trimoxazole;Gentamicin;Meropenum,Ciprofloxacin,Colistin,,16200.0,,,1.05,5.35,32.0,,,3+,
71.0,Female,Nephrology,UTI,"TYPE2DM ,ASTHMA,HTN",NIL,,,UTI,Complicated UTI,Cystitis,Urinary tract,Urine,Escherichia coli,Gram Negative,Amoxiclav;Ceftriaxone;Ciprofloxacin;Meropenum;Piperacilli+Tazobactum,Amikacin,,,16900.0,,,5.1,1.49,32.0,,,3+,
62.0,Male,General Medicine,FEVER DECREASED EVALUATION WITH UTI,"HTN,EPILEPSY",NIL,,,FEVER DECREASED EVALUATION WITH UTI,Complicated UTI,Cystitis,Urinary tract,Urine,Klesella Pneumoniae,Gram Negative,Amoxiclav;Ceftriaxone;Ciprofloxacin;Meropenum;Piperacilli+Tazobactum,Amikacin,Piperacillin,,16800.0,,,3.0,0.75,16.0,,,3+,
4.0,Male,Urology,B/L DJ STENTING RIGHT OPEN URETEROLITHOTOMY,NIL,NIL,,,B/L DJ STENTING RIGHT OPEN URETEROLITHOTOMY,Complicated UTI,Cystitis,Urinary tract,Urine,Escherichia coli,Gram Negative,Amoxiclav;Clavulonic Acid,,Ceftriaxone,,7200.0,,,3.0,0.75,16.0,,,3+,
57.0,Female,Nephrology,UTI,NIL,NIL,,,UTI,Complicated UTI,Cystitis,Urinary tract,Urine,Escherichia coli,Gram Negative,Amoxiclav;Nalidixic Acid,Amoxiclav,Ceftriaxone,,6200.0,,,3.0,0.75,16.0,,,3+,
55.0,Male,Nephrology,AKI OVER CKD,"HTN,DM",NIL,,,AKI OVER CKD,Hospital-Acquired Infection,Systemic / Respiratory,Systemic,Blood,Staphylococus Aureus,Gram Negative,Ampicillin;Ceftriaxone;Ciprofloxacin;Co-trimoxazole;Doxycycline,Ciprofloxacin,Vancomycin,,6300.0,,,3.0,0.75,16.0,,,3+,
52.0,Female,Nephrology,AKI WITH UTI,"DM ,HTN",NIL,,,AKI WITH UTI,Complicated UTI,Cystitis,Urinary tract,Blood,Acinetobacter Baumanni,Gram Negative,Amynoglycosides;Ceftriaxone;Ciprofloxacin;Doxycycline,Cefoperazone-Sulbactam,Vancomycin,,16000.0,,,3.8,3.26,74.0,,,3+,
51.0,Male,Nephrology,ANEMIA WITH THROMBOCYTOPENIA WITH UTI,NIL,NIL,,,ANEMIA WITH THROMBOCYTOPENIA WITH UTI,Complicated UTI,Cystitis,Urinary tract,Urine,Klebsiella pneumoniae,Gram Negative,Ampicillin;Carbapenums;Ceftriaxone;Co-trimoxazole,Piperacillin,Colistin,,2300.0,,,8.1,2.69,83.0,,,3+,
56.0,Female,Nephrology,UROSEPSIS WITH UTI,DM,NIL,,,UROSEPSIS WITH UTI,Complicated UTI,Urosepsis,Urinary tract,Urine,Klebsiella pneumoniae,Gram Negative,,Cefoperazone-Sulbactam,Piperacillin,,12000.0,,,7.6,2.56,72.0,,,3+,
50.0,Female,Nephrology,ACUTE GASTROENTERTITIS WITH UTI,NIL,NIL,,,ACUTE GASTROENTERTITIS WITH UTI,Complicated UTI,Cystitis,Urinary tract,Urine,Candida albicans,Fungi,Amikacin;Ceftriaxone;Ciprofloxacin,Levofloxacin,Meropenum,,11200.0,,,5.2,6.68,53.0,,,3+,
78.0,Female,Nephrology,"AKI ,UROTERIC PAIN ,UROSEPSIS WITH DYSELECTROLYTEMIA",NIL,NIL,,,"AKI ,UROTERIC PAIN ,UROSEPSIS WITH DYSELECTROLYTEMIA",Complicated UTI,Urosepsis,Urinary tract,Urine,Klebsiella pneumoniae,Gram Negative,Ceftriaxone;Ciprofloxacin,Levofloxacin,Meropenum,,21000.0,,,8.4,4.1,183.0,,,3+,
74.0,Male,Urology,RIGHT URETERIC CALCULI WITH HDN,NIL,NIL,,,RIGHT URETERIC CALCULI WITH HDN,Complicated UTI,Cystitis,Urinary tract,Urine,Candida albicans,Fungi,Ceftriaxone;Ciprofloxacin,Piperacillin,Merrpenum,,7600.0,,,8.4,4.1,183.0,,,3+,
1.0,Male,Urology,UTI,NIL,NIL,,,UTI,Complicated UTI,Cystitis,Urinary tract,Urine,Klebsiella pneumoniae,Gram Negative,Ceftriaxone,,Moxifloxacin,,18000.0,,,8.4,4.1,183.0,,,3+,
74.0,Male,General Medicine,UTI,NIL,NIL,,,UTI,Complicated UTI,Cystitis,Urinary tract,Urine,Escherichia coli,Gram Negative,Ceftriaxone;Ciprofloxacin,Ciprofloxacin,Nitrofurantoin,,17000.0,,,8.4,4.1,183.0,,,3+,
38.0,Male,Nephrology,AKI WITH UTI WITH SEVERE METABOLIC ACIDOSIS,NIL,NIL,,,AKI WITH UTI WITH SEVERE METABOLIC ACIDOSIS,Complicated UTI,Cystitis,Urinary tract,Urine,Escherichia coli,Gram Negative,Ceftriaxone;Ciprofloxacin,Cefixime,Cefaperzone+Sulbactum,,,,,84.0,4.1,183.0,,,3+,
81.0,Male,Nephrology,AKI WITH SEPSIS WITH UTI,TYPE2DM,NIL,,,AKI WITH SEPSIS WITH UTI,Complicated UTI,Urosepsis,Urinary tract,Urine,Candida albicans,Fungi,Ampicillin;Ceftriaxone;Ciprofloxacin,Levofloxacin,Cefoperazone-Sulbactam,,18800.0,,,4.1,1.13,51.0,,,3+,
53.0,Male,Urology,UTI,NIL,NIL,,,UTI,Complicated UTI,Cystitis,Urinary tract,Urine,Psudomonas Aurginosa,Gram Negative,Cefoperazone-Sulbactam;Ciprofloxacin;Colistin;Piperacillin,Piperacillin,Amikacin,,,,,4.1,1.13,51.0,,,3+,
54.0,Male,Nephrology,AKI WITH UTI,"TYPE2 DM ,HTN",NIL,,,AKI WITH UTI,Complicated UTI,Cystitis,Urinary tract,Urine,Escherichia coli,Gram Negative,Amikacin;Amoxiclav;Ceftriaxone,Cefaperzone+Sulbactum,Colistin,,18000.0,,,6.9,2.29,101.0,,,3+,
35.0,Male,Nephrology,"AKI OVER CKD,ACUTE GASTROENTERITIS WITH UTI",NIL,NIL,,,"AKI OVER CKD,ACUTE GASTROENTERITIS WITH UTI",Complicated UTI,Cystitis,Urinary tract,Urine,Coagulase Negative Staphylacoccus,Gram Negative,Amikacin;Ciprofloxacin;Nitrofurantoin,Co-trimoxazole,,,11900.0,,,8.3,2.1,57.0,,,3+,
65.0,Male,Nephrology,CKD WITH ANEMIA WITH UTI,HTN,NIL,,,CKD WITH ANEMIA WITH UTI,Complicated UTI,Cystitis,Urinary tract,Urine,Escherichia coli,Gram Negative,Ceftriaxone;Ciprofloxacin;Doxycycline;Meropenem,Co-trimoxazole,Amikacin,,18400.0,,,4.3,2.1,73.0,,,3+,
80.0,Male,Nephrology,AKI OVER CKD WITH UTI,"HTN,DM",NIL,,,AKI OVER CKD WITH UTI,Complicated UTI,Cystitis,Urinary tract,Urine,Escherichia coli,Gram Negative,Amoxiclav;Cefixime;Ciprofloxacin;Levofloxacin,Levofloxacin,Cefoperazone-Sulbactam,,6500.0,,,7.5,4.04,166.0,,,3+,
64.0,Male,Nephrology,AKI WITH UTI,"HTN,DM,PTB",NIL,,,AKI WITH UTI,Complicated UTI,Cystitis,Urinary tract,Urine,Escherichia coli,Gram Negative,Ceftriaxone;Meropenem,Ciprofloxacin,Meropenum,,13200.0,,,7.5,4.04,166.0,,,3+,
75.0,Male,Urology,LEFT RENAL CALCULI WITH UTI,HTN,NIL,,,LEFT RENAL CALCULI WITH UTI,Complicated UTI,Cystitis,Urinary tract,Urine,Escherichia coli,Gram Negative,Ceftriaxone;Meropenem,Levofloaxacin,Piperacillin,,13000.0,,,7.5,4.04,166.0,,,3+,
53.0,Male,Nephrology,ANSARCA WITH UTI,NIL,NIL,,,ANSARCA WITH UTI,Complicated UTI,Cystitis,Urinary tract,Urine,Escherichia coli,Gram Negative,Ceftriaxone;Ciprofloxacin;Doxycycline,Ciprofloxacin,Cefoperazone-Sulbactam,,6700.0,,,9.7,4.3,90.0,,,3+,
64.0,Male,Urology,LEFT RENAL CALCULI WITH UTI,TYPE2 DM,NIL,,,LEFT RENAL CALCULI WITH UTI,Complicated UTI,Cystitis,Urinary tract,Urine,Escherichia coli,Gram Negative,Amoxiclav;Ceftriaxone;Doxycycline,Levofloxacin,Cefotoxime,,16200.0,,,7.5,4.04,166.0,,,3+,
49.0,Female,Nephrology,AKI OVER CKD WITH UTI,HTN,NIL,,,AKI OVER CKD WITH UTI,Complicated UTI,Cystitis,Urinary tract,Urine,Nil,Gram Negative,Ceftriaxone;Meropenem,,Meropenum,,10200.0,,,7.5,4.04,166.0,,,3+,
54.0,Female,Nephrology,AKI WITH UTI,TYPE2 DM,NIL,,,AKI WITH UTI,Complicated UTI,Cystitis,Urinary tract,Urine,Escherichia coli,Gram Negative,Ceftriaxone;Ciprofloxacin;Gentamicin,Levofloacin,Doxycycline,,6800.0,,,7.5,4.04,166.0,,,3+,
73.0,Female,Nephrology,UTI,NIL,NIL,,,UTI,Complicated UTI,Cystitis,Urinary tract,Urine,Klebsiella pneumoniae,Gram Negative,Ceftriaxone;Ciprofloxacin;Co-trimoxazole;Fosfomicin;Nitrofurantoin,Doxycycline,Cefoperazone-Sulbactam,,6700.0,,,7.5,4.04,166.0,,,3+,
45.0,Female,Nephrology,EMPHYSEMATOUS PYELONEPHRITIS,TYPE2 DM,NIL,,,EMPHYSEMATOUS PYELONEPHRITIS,Complicated UTI,Pyelonephritis,Urinary tract,Urine,Escherichia coli,Gram Negative,Ceftazidime;Ciprofloxacin;Gentamicin,Amoxiclav,Meropenum,,6900.0,,,7.5,4.04,166.0,,,3+,
55.0,Female,Nephrology,AKI WITH UROSEPSIS,CKD,NIL,,,AKI WITH UROSEPSIS,Complicated UTI,Urosepsis,Urinary tract,Urine,Coagulase Negative Staphylacoccus,Gram Negative,Ceftriaxone;Co-trimoxazole,Ampicillin,,,19000.0,,,7.5,4.04,166.0,,,3+,
67.0,Female,Nephrology,SYSTEMIC LUPUS ERYTHROMATOUS WITH UTI,SLE,NIL,,,SYSTEMIC LUPUS ERYTHROMATOUS WITH UTI,Complicated UTI,Cystitis,Urinary tract,Urine,Klebsiella pneumoniae,Gram Negative,Amoxiclav;Co-trimoxazole,Ceftriaxone,Amikacin,,6700.0,,,7.5,4.04,166.0,,,3+,
54.0,Female,Nephrology,CKD WITH UTI WITH ANEMIA,HTN,NIL,,,CKD WITH UTI WITH ANEMIA,Complicated UTI,Cystitis,Urinary tract,Urine,Klebsiella pneumoniae,Gram Negative,Ceftriaxone,Aztreonam,Cefixime,,2300.0,,,7.5,4.04,166.0,,,3+,
61.0,Male,Urology,RIGHT URETERIC CALCULI WITH UTI,HTN,NIL,,,RIGHT URETERIC CALCULI WITH UTI,Complicated UTI,Cystitis,Urinary tract,Urine,Klebsiella pneumoniae,Gram Negative,Ceftriaxone;Ciprofloxacin;Nitrofurantoin,Ceftazidime,Cefatoxime,,27100.0,,,7.5,4.04,166.0,,,3+,
48.0,Female,Urology,LEFT RENAL CALCULI WITH UTI,DM,NIL,,,LEFT RENAL CALCULI WITH UTI,Complicated UTI,Cystitis,Urinary tract,Urine,Klebsiella pneumoniae,Gram Negative,Ampicillin;Ciprofloxacin,Cefixime,Amikacin,,2500.0,,,7.5,4.04,166.0,,,3+,
38.0,Female,Urology,BILATERAL RENAL CALCULI WITH UTI,NIL,NIL,,,BILATERAL RENAL CALCULI WITH UTI,Complicated UTI,Cystitis,Urinary tract,Urine,Escherichia coli,Gram Negative,Cefoperazone-Sulbactam;Ciprofloxacin,Levofloxacin,Cefatoxime,,13000.0,,,7.5,4.04,166.0,,,3+,
51.0,Female,Urology,RECURRENT UTI,HTN,NIL,,,RECURRENT UTI,Complicated UTI,Cystitis,Urinary tract,Urine,Escherichia coli,Gram Negative,Co-trimoxazole;Doxycycline;Piperacillin,Ciprofloxacin,,,3500.0,,,7.5,4.04,166.0,,,3+,
70.0,Female,Nephrology,HTN WITH TYPE2 DM WITH UTI,HTN,NIL,,,HTN WITH TYPE2 DM WITH UTI,Complicated UTI,Cystitis,Urinary tract,Urine,Escherichia coli,Gram Negative,Co-trimoxazole;Doxycycline;Meropenem,Doxycycline,Colistin,,3700.0,,,7.5,4.04,166.0,,,3+,
44.0,Female,Nephrology,TYPE2 DM WITH BULKY CERVIX WITH UTI,TYPE2 DM,NIL,,,TYPE2 DM WITH BULKY CERVIX WITH UTI,Complicated UTI,Cystitis,Urinary tract,Urine,Klebsiella pneumoniae,Gram Negative,Amikacin;Ceftriaxone;Ciprofloxacin,Ciprofloxacin,Meropenum,,14000.0,,,7.5,4.04,166.0,,,3+,
48.0,Female,Nephrology,"HTN,DM,AKI,PYELONEPHRITIS",TYPE2 DM,NIL,,,"HTN,DM,AKI,PYELONEPHRITIS",Hospital-Acquired Infection,Systemic / Respiratory,Systemic,Blood,Klebsiella pneumoniae,Gram Negative,Ceftriaxone;Ciprofloxacin,Levofloxacin,Meropenum,,13700.0,,,7.5,4.04,166.0,,,3+,
54.0,Female,Nephrology,BILATERAL PYELONEPHRITIS,HTN,NIL,,,BILATERAL PYELONEPHRITIS,Complicated UTI,Pyelonephritis,Urinary tract,Urine,Escherichia coli,Gram Negative,Ceftriaxone;Co-trimoxazole,Ciprofloxacin,Meropenum,,16200.0,,,7.5,4.04,166.0,,,3+,
40.0,Female,Nephrology,ACUTE GASTROENTERITIS WITH SEVERE DEHYDRATION,HYPOTHYROIDISM,NIL,,,ACUTE GASTROENTERITIS WITH SEVERE DEHYDRATION,Complicated UTI,Cystitis,Urinary tract,Urine,Klebsiella pneumoniae,Gram Negative,Ceftriaxone;Co-trimoxazole;Fosfomicin;Nitrofuratoin;Norfloxacin,Ceftriaxone,Metronidazole,,5900.0,,,7.5,4.04,166.0,,,3+,
49.0,Female,Nephrology,PYELONEPHRITIS WITH FUNGAL SEPSIS,NIL,NIL,,,PYELONEPHRITIS WITH FUNGAL SEPSIS,Complicated UTI,Pyelonephritis,Urinary tract,Urine,Staphylococus Aureus,Gram Negative,Ciprofloxacin;Levofloxacin,Ciprofloxacin,Doxycycline,,39000.0,,,7.5,4.04,166.0,,,3+,
42.0,Female,Nephrology,HTN WITH CHRONIC UTI,HTN,NIL,,,HTN WITH CHRONIC UTI,Complicated UTI,Cystitis,Urinary tract,Urine,Escherichia coli,Gram Negative,Ceftriaxone,Cefixime,Cefoperazone-Sulbactam,,13300.0,,,7.5,4.04,166.0,,,3+,
71.0,Female,Nephrology,UROSEPSIS WITH AKI,HTN,NIL,,,UROSEPSIS WITH AKI,Complicated UTI,Urosepsis,Urinary tract,Urine,Escherichia coli,Gram Negative,Amoxiclav;Ceftriaxone;Co-trimoxazole,Ceftazidime,Cefpoperazone+Sulbactum,,6900.0,,,7.5,4.04,166.0,,,3+,
45.0,Male,Nephrology,TYPE2 DM WITH HTN WITH RIGHT MULTIPLE CALCULI WITH UTI,TYPE2 DM,NIL,,,TYPE2 DM WITH HTN WITH RIGHT MULTIPLE CALCULI WITH UTI,Complicated UTI,Cystitis,Urinary tract,Urine,Escherichia coli,Gram Negative,Ceftriaxone;Ciprofloxacin,Cefixime,Meropenum,,13700.0,,,7.5,4.04,166.0,,,3+,
40.0,Female,Urology,RENAL CALCULI WITH UTI,NIL,NIL,,,RENAL CALCULI WITH UTI,Complicated UTI,Cystitis,Urinary tract,Urine,Klebsiella pneumoniae,Gram Negative,Ceftriaxone;Ciprofloxacin;Co-trimoxazole,Cefixime,Cefixime,,10000.0,,,7.5,4.04,166.0,,,3+,
29.0,Male,Urology,SLE WITH UTI,NIL,NIL,,,SLE WITH UTI,Complicated UTI,Cystitis,Urinary tract,Urine,Escherichia coli,Gram Negative,Ceftriaxone;Ciprofloxacin;Co-trimoxazole,Amoxiclav,Cefixime,,5700.0,,,7.5,4.04,166.0,,,3+,
34.0,Female,Urology,LEFT MULTIPLE RENAL CALCULI WITH UTI,NIL,NIL,,,LEFT MULTIPLE RENAL CALCULI WITH UTI,Complicated UTI,Cystitis,Urinary tract,Urine,Escherichia coli,Gram Negative,Ceftriaxone;Meropenem,Ampicillin,Cefotoxime,,5800.0,,,7.5,4.04,166.0,,,3+,
70.0,Female,Urology,LEFT RENAL CALCULI WITH CYSTITIS WITH UTI,NIL,NIL,,,LEFT RENAL CALCULI WITH CYSTITIS WITH UTI,Complicated UTI,Cystitis,Urinary tract,Urine,Escherichia coli,Gram Negative,Ceftriaxone,Ampicillin,Cefixime,,7000.0,,,7.5,4.04,166.0,,,3+,
55.0,Male,Urology,UTI,HTN,NIL,,,UTI,Complicated UTI,Cystitis,Urinary tract,Urine,Escherichia coli,Gram Negative,Amikacin;Amoxiclav;Cefoperazone-Sulbactam;Ciprofloxacin;Piperacillin,Cefoperazone-Sulbactam,Cefixime,,7500.0,,,7.5,4.04,166.0,,,3+,
49.0,Male,Nephrology,"AKI ,RENAL BIOPSY",TYPE2DM,NIL,,,"AKI ,RENAL BIOPSY",Complicated UTI,Cystitis,Urinary tract,Urine,Escherichia coli,Gram Negative,Amikacin;Amoxilav;Ceftriaxone;Ciprofloxacin;Co-trimoxazole;Nitrofurantoin,Doxycycline,Cefoperazone-Sulbactam,,7600.0,,,7.5,4.04,166.0,,,3+,
3.0,Male,General Surgery,PHIMOSIS WITH UTI,NIL,NIL,,,PHIMOSIS WITH UTI,Complicated UTI,Cystitis,Urinary tract,Urine,Escherichia coli,Gram Negative,Amikacin;Ciprofloxacin,,Cefixime,,11300.0,,,2.4,0.62,16.0,,,3+,
75.0,Male,Urology,CYSTITIS WITH UTI,NIL,NIL,,,CYSTITIS WITH UTI,Complicated UTI,Cystitis,Urinary tract,Urine,Escherichia coli,Gram Negative,Amoxicillin;Ceftriaxone;Ciprofloxacin;Meropenem,Piperacillin,Ceftriaxime,,11200.0,,,7.5,4.04,166.0,,,3+,
72.0,Male,Urology,GROSS PROSTATEMEGALY WITH SIGNIFICANT PVR WITH CYSTITIS WITH UTI,NIL,NIL,,,GROSS PROSTATEMEGALY WITH SIGNIFICANT PVR WITH CYSTITIS WITH UTI,Complicated UTI,Cystitis,Urinary tract,Urine,Escherichia coli,Gram Negative,Amikacin;Amoxiclav;Meropenem;Piperacillin,Meropenem,Ceftrixime,,11400.0,,,7.5,4.04,166.0,,,3+,
59.0,Male,Urology,STRICTURE URETHRA WITH UTI,"HTN,DM",NIL,,,STRICTURE URETHRA WITH UTI,Complicated UTI,Cystitis,Urinary tract,Urine,Escherichia coli,Gram Negative,Ampicillin;Meropenem,Meropenem,,,10900.0,,,5.2,1.3,48.0,,,3+,
67.0,Male,Urology,LEFT PUJ CALCULI WITH HDN WITH UTI,HTN,NIL,,,LEFT PUJ CALCULI WITH HDN WITH UTI,Complicated UTI,Cystitis,Urinary tract,Urine,Klebsiella pneumoniae,Gram Negative,Ampicillin;Ceftriaxone;Meropenem,Piperacillin,,,11800.0,,,7.5,4.04,166.0,,,3+,
7.0,Male,Urology,AKI WITH PYELONEPHRITIS WITH UTI,NIL,NIL,,,AKI WITH PYELONEPHRITIS WITH UTI,Complicated UTI,Pyelonephritis,Urinary tract,Urine,Escherichia coli,Gram Negative,Ampicillin;Ceftriaxone;Trimethoprim+Sulfmethoxazole,Amoxicillin,Nitrofurantoin,,11900.0,,,7.5,4.04,166.0,,,3+,
60.0,Male,Urology,AKI WITH RENAL CALCULI WITH CYSTITIS,NIL,NIL,,,AKI WITH RENAL CALCULI WITH CYSTITIS,Complicated UTI,Cystitis,Urinary tract,Urine,Klebsiella pneumoniae,Gram Negative,Ceftriaxone;Ciprofloxacin,Norfloxacin,Cefixime,,7800.0,,,7.5,4.04,166.0,,,3+,
28.0,Female,Urology,RENAL CALCULI WITH UTI,NIL,NIL,,,RENAL CALCULI WITH UTI,Complicated UTI,Cystitis,Urinary tract,Urine,Escherichia coli,Gram Negative,Ampicillin;Ceftriaxone;Trimethoprim+Sulfmethoxazole,Ceftriaxone,Fosfomycin,,7900.0,,,7.5,4.04,166.0,,,3+,
27.0,Female,Urology,UTI,NIL,NIL,,,UTI,Complicated UTI,Cystitis,Urinary tract,Urine,Psudomonas Aurginosa,Gram Negative,Ceftriaxone;Piperacillin;Sulfmethoxazole;Trimethoprim,,Ciprofloxacin,,22000.0,,,7.5,4.04,166.0,,,3+,
60.0,Male,Urology,DIABETIC FOOT WITH AKI WITH UTI,TYPE2 DM,NIL,,,DIABETIC FOOT WITH AKI WITH UTI,Complicated UTI,Cystitis,Urinary tract,Urine,Klebsiella pneumoniae,Gram Negative,Ampicillin;Ciprofloxacin,Ceftazidime,Metronidazole,,43800.0,,,4.5,2.8,94.0,,,3+,
32.0,Female,Nephrology,PYELONEPHRITIS WITH GASTROENTERITIS WITH UTI,TYPE2 DM,NIL,,,PYELONEPHRITIS WITH GASTROENTERITIS WITH UTI,Complicated UTI,Pyelonephritis,Urinary tract,Urine,Klebsiella pneumoniae,Gram Negative,Ampicillin;Ceftriaxone;Ciprofloxacin,Ofloxacin,Cefoperazone-Sulbactam,,11000.0,,,7.5,4.04,166.0,,,3+,
33.0,Female,Obstetrics & Gynecology,SEVERE PE WITH IUGR WITH CHRONIC UTI WITH FIBRINOID FEVER,NIL,NIL,,,SEVERE PE WITH IUGR WITH CHRONIC UTI WITH FIBRINOID FEVER,Complicated UTI,Cystitis,Urinary tract,Urine,Psudomonas Aurginosa,Gram Negative,Ciprofloxacin,Ciprofloxacin,Ceftrixone,,11000.0,,,7.5,4.04,166.0,,,3+,
24.0,Female,Obstetrics & Gynecology,HYPOTHYROIDISM IN PREGNANCY WITH UTI,NIL,NIL,,,HYPOTHYROIDISM IN PREGNANCY WITH UTI,Complicated UTI,Cystitis,Urinary tract,Urine,Staphylococus Aureus,Gram Negative,Ampicillin;Co-trimoxazole,Levofloxacin,Ceftrixone,,11200.0,,,6.7,0.86,17.0,,,3+,
12.0,Male,Urology,URINARY TRACT INFECTION,NIL,NIL,,,URINARY TRACT INFECTION,Complicated UTI,Cystitis,Urinary tract,Urine,Streptococcus pneumoniae,Gram Positive,Cefixime;Ciprofloxacin;Co-trimoxazole;Nitrofurantoin,Levofloxacin,,,11300.0,,,7.5,4.04,166.0,,,3+,
65.0,Female,Nephrology,AKI WITH UTI,"HTN,DM",NIL,,,AKI WITH UTI,Complicated UTI,Cystitis,Urinary tract,Urine,Staphylococus Aureus,Gram Negative,Ceftriaxone;Ciprofloxacin,Ciprofloxacin,Cefoperazone-Sulbactam,,25900.0,,,7.5,4.04,166.0,,,3+,
56.0,Female,Urology,RENAL CALCULI WITH UTI,NIL,NIL,,,RENAL CALCULI WITH UTI,Complicated UTI,Cystitis,Urinary tract,Urine,Escherichia coli,Gram Negative,Ampicillin;Ciprofloxacin;Nitrofurantoin,Ciprofloxacin,Piperacillin,,25600.0,,,7.5,4.04,166.0,,,3+,
60.0,Male,General Medicine,UTI WITH TYPE2 DM,"TYPE2 DM,HTN",NIL,,,UTI WITH TYPE2 DM,Complicated UTI,Cystitis,Urinary tract,Blood,Escherichia coli,Gram Negative,Ciprofloxacin;Trimethoprim+Sulfamethoxazole,Levofloxacin,Piperacillin,,13200.0,,,7.5,4.04,166.0,,,3+,
40.0,Male,Urology,UTI WITH TYPE2 DM,TYPE2 DM,NIL,,,UTI WITH TYPE2 DM,Complicated UTI,Cystitis,Urinary tract,Urine,Escherichia coli,Gram Negative,Ampicillin;Ceftriaxone;Ciprofloxacin;Gentamicin,Amikacin,Nitrofurantoin,,13800.0,,,7.5,4.04,166.0,,,3+,
49.0,Female,Urology,AKI WITH UTI,NIL,NIL,,,AKI WITH UTI,Complicated UTI,Cystitis,Urinary tract,Urine,Escherichia coli,Gram Negative,Ampicillin;Ceftriaxone;Ciprofloxacin,Piperacillin,Nitrofurantoin,,13100.0,,,7.5,4.04,166.0,,,3+,
79.0,Male,Urology,PROSTATOMEGALY WITH SIGNIFICANT PVR,HTN,NIL,,,PROSTATOMEGALY WITH SIGNIFICANT PVR,Complicated UTI,Cystitis,Urinary tract,Urine,Escherichia coli,Gram Negative,Ceftriaxone;Ciprofloxacin,Piperacillin,Nitrofurantoin,,13900.0,,,7.5,4.04,166.0,,,3+,
38.0,Male,Nephrology,AMYLOIDONEPHROPATHY STEROID WITH UTI,NIL,NIL,,,AMYLOIDONEPHROPATHY STEROID WITH UTI,Complicated UTI,Cystitis,Urinary tract,Urine,Klebsiella pneumoniae,Gram Negative,Amoxicillin;Ceftriaxone;Ciprofloxacin;Co-trimoxazole;Nitrofurantoin,Co-trimoxazole,Cefoperazone-Sulbactam,,13700.0,,,7.5,4.04,166.0,,,3+,
39.0,Male,Nephrology,AKI WITH RENAL CALCULI WITH UTI,HTN,NIL,,,AKI WITH RENAL CALCULI WITH UTI,Complicated UTI,Cystitis,Urinary tract,Urine,Escherichia coli,Gram Negative,Ceftriaxone;Ciprofloxacin,Ciprofloxacin,Meropenem,,11100.0,,,7.5,4.04,166.0,,,3+,
50.0,Female,Urology,UTI,NIL,NIL,,,UTI,Complicated UTI,Cystitis,Urinary tract,Urine,Escherichia coli,Gram Negative,Ampicillin;Ciprofloxacin;Doxycycline,Co-trimoxazole,Nitrofurantoin,,10000.0,,,7.5,4.04,166.0,,,3+,
62.0,Male,Nephrology,AKI WITH UTI,TYPE2 DM,NIL,,,AKI WITH UTI,Complicated UTI,Cystitis,Urinary tract,Urine,Escherichia coli,Gram Negative,Ceftriaxone;Ciprofloxacin;Doxycycline,Doxycycline,Meropenem,,6700.0,,,7.5,4.04,166.0,,,3+,
62.0,Male,Urology,LEFT RADICAL NEPHRECTOMY WITH UTI,NIL,NIL,,,LEFT RADICAL NEPHRECTOMY WITH UTI,Complicated UTI,Cystitis,Urinary tract,Urine,Klebsiella pneumoniae,Gram Negative,Ampicillin;Aztreonam;Ciprofloxacin,Norfloxacin,Ceftoxime,,7100.0,,,7.5,4.04,166.0,,,3+,
42.0,Male,Nephrology,URETHRAL RUPTURE WITH UTI,"CKD ,HTN",NIL,,,URETHRAL RUPTURE WITH UTI,Complicated UTI,Cystitis,Urinary tract,Urine,Klebsiella pneumoniae,Gram Negative,Amikacin;Amoxiclav;Cefoperazone-Sulbactam;Ciprofloxacin;Piperacillin,Cefoperazone-Sulbactam,,,9200.0,,,7.5,4.04,166.0,,,3+,
64.0,Male,Nephrology,AKI WITH UTI,"HTN,DM",NIL,,,AKI WITH UTI,Complicated UTI,Cystitis,Urinary tract,Urine,Escherichia coli,Gram Negative,Amoxiclav;Ceftriaxone;Ciprofloxacin;Doxycycline;Nitrofurantoin,Ciprofloxacin,,,8100.0,,,7.5,4.04,166.0,,,3+,
38.0,Male,Nephrology,AMYLOIDONEPHROPATHY STEROID WITH UTI,HTN,NIL,,,AMYLOIDONEPHROPATHY STEROID WITH UTI,Complicated UTI,Cystitis,Urinary tract,Urine,Klebsiella pneumoniae,Gram Negative,Amoxiclav;Ceftriaxone;Ciprofloxacin;Doxycycline;Nitrofurantoin,Ciprofloxacin,Meropenem,,5500.0,,,7.5,4.04,166.0,,,3+,
26.0,Female,Urology,URETERIC CALCULI WITH UTI,NIL,NIL,,,URETERIC CALCULI WITH UTI,Complicated UTI,Cystitis,Urinary tract,Urine,Klebsiella pneumoniae,Gram Negative,Ciprofloxacin;Doxycycline;Piperacillin,Levofloxacin,Cefotoxime,,14500.0,,,7.5,4.04,166.0,,,3+,
37.0,Male,General Medicine,ALCOHOLIC LIVER DISEASE WITH UTI,NIL,NIL,,,ALCOHOLIC LIVER DISEASE WITH UTI,Complicated UTI,Cystitis,Urinary tract,Blood,Klebsiella pneumoniae,Gram Negative,Cefoperazone-Sulbactam;Ciprofloxacin;Doxycycline,Ciprofloxacin,Nitrofurantoin,,6900.0,,,7.5,4.04,166.0,,,3+,
55.0,Female,Urology,OBSTRUCTIVE NEUROPATHY WITH UTI,NIL,NIL,,,OBSTRUCTIVE NEUROPATHY WITH UTI,Complicated UTI,Cystitis,Urinary tract,Urine,Klebsiella pneumoniae,Gram Negative,Ceftriaxone;Ciprofloxacin,Cefoperazone-Sulbactam,Cefotoxime,,11900.0,,,4.7,2.12,25.0,,,3+,
54.0,Female,Nephrology,AKI WITH UTI,NIL,NIL,,,AKI WITH UTI,Complicated UTI,Cystitis,Urinary tract,Urine,Klebsiella pneumoniae,Gram Negative,Ceftriaxone;Co-trimoxazole;Fosfomycin;Nitrofurantoin,Cefoperazone-Sulbactam,Meropenem,,7500.0,,,4.9,1.43,23.0,,,3+,
50.0,Male,Nephrology,AKI WITH UTI,HTN,NIL,,,AKI WITH UTI,Complicated UTI,Cystitis,Urinary tract,Urine,Escherichia coli,Gram Negative,Ampicillin;Ceftriaxone;Co-trimoxazole,Doxycycline,Cefoperazone-Sulbactam,,7800.0,,,7.5,4.04,166.0,,,3+,
36.0,Female,Nephrology,SYSTEMIC LUPUS ERYTHROMATOUS WITH UTI,NIL,NIL,,,SYSTEMIC LUPUS ERYTHROMATOUS WITH UTI,Complicated UTI,Cystitis,Urinary tract,Urine,Escherichia coli,Gram Negative,Ceftriaxone;Ciprofloxacin,Meropenem,Meropenem,,7600.0,,,7.5,4.04,166.0,,,3+,
40.0,Male,Nephrology,RECURRENT LEFT CELLULITIS WITH AKI OVER CKD WITH THROMBOCYTOPENIA WITH UTI,NIL,NIL,,,RECURRENT LEFT CELLULITIS WITH AKI OVER CKD WITH THROMBOCYTOPENIA WITH UTI,Complicated UTI,Cystitis,Urinary tract,Urine,Klebsiella pneumoniae,Gram Negative,Ceftriaxone;Ciprofloxacin;Doxycycline;Meropenem,Gentamicin,,,7600.0,,,7.5,4.04,166.0,,,3+,
20.0,Male,Nephrology,"CKD ON MHD WITH HTN ,HEART FAILURE WITH SEPSIS WITH UTI",HTN,NIL,,,"CKD ON MHD WITH HTN ,HEART FAILURE WITH SEPSIS WITH UTI",Complicated UTI,Urosepsis,Urinary tract,Urine,Nil,Gram Negative,,,Ceftriaxone,,10200.0,,,6.3,6.54,102.0,,,3+,
70.0,Male,Nephrology,AKI WITH PNEUMONIA WITH CONSODILATION WITH UTI,TYPE2 DM,NIL,,,AKI WITH PNEUMONIA WITH CONSODILATION WITH UTI,Complicated UTI,Cystitis,Urinary tract,Urine,Nil,Gram Negative,,,Nitrofurantoin,,34500.0,,,7.5,4.04,166.0,,,3+,
73.0,Female,Nephrology,ADPKD ON MHD WITH CAD,HTN,NIL,,,ADPKD ON MHD WITH CAD,Complicated UTI,Cystitis,Urinary tract,Urine,Escherichia coli,Gram Negative,,Meropenem,Cefoperazone-Sulbactam,,3500.0,,,7.5,4.04,166.0,,,3+,
62.0,Male,General Surgery,ACUTE INTESTINAL OBSTRUCTION WITH UTI,NIL,NIL,,,ACUTE INTESTINAL OBSTRUCTION WITH UTI,Complicated UTI,Cystitis,Urinary tract,Urine,Klebsiella pneumoniae,Gram Negative,Ceftriaxone;Ciprofloxacin,Meropenem,Cefoperazone-Sulbactam,,10100.0,,,7.5,4.04,166.0,,,3+,
46.0,Male,Nephrology,CKD ON MHD WITH SEIZURES WITH UTI,HTN,NIL,,,CKD ON MHD WITH SEIZURES WITH UTI,Complicated UTI,Cystitis,Urinary tract,Urine,Escherichia coli,Gram Negative,Ceftriaxone;Ciprofloxacin;Cotriomaxazole;Doxycycline,Norfloxacin,Cefoperazone-Sulbactam,,3600.0,,,7.5,4.04,166.0,,,3+,
75.0,Male,Nephrology,"AKI WITH TYPE2 DM,HTN",TYPE2 DM,NIL,,,"AKI WITH TYPE2 DM,HTN",Complicated UTI,Cystitis,Urinary tract,Urine,Klebsiella pneumoniae,Gram Negative,Ceftriaxone;Ciprofloxacin,Ciprofloxacin,,,1200.0,,,7.5,4.04,166.0,,,3+,
18.0,Female,Nephrology,QUDRAPARASIS WITH SEVERE METABOLIC ACIDOSIS WITH PROTENEURIA,NIL,NIL,,,QUDRAPARASIS WITH SEVERE METABOLIC ACIDOSIS WITH PROTENEURIA,Complicated UTI,Cystitis,Urinary tract,Urine,Escherichia coli,Gram Negative,Amoxicillin;Ceftriaxone;Piperacillin,,Meropenem,,16900.0,,,7.5,4.04,166.0,,,3+,
